{
	"credit": "Made with Blockbench",
	"parent": "item/generated",
	"textures": {
		"layer0": "toppat/aust"
	},
	"display": {
		"thirdperson_righthand": {
			"translation": [0, 0.75, 0],
			"scale": [0.65, 0.66, 0.65]
		},
		"thirdperson_lefthand": {
			"translation": [0, 0.75, 0],
			"scale": [0.65, 0.66, 0.65]
		},
		"firstperson_righthand": {
			"rotation": [-18, -65.75, 0],
			"translation": [1.25, 2.5, 0]
		},
		"firstperson_lefthand": {
			"rotation": [-18, -65.75, 0],
			"translation": [1.25, 2.5, 0]
		},
		"ground": {
			"scale": [0.79883, 0.79883, 0.79883]
		},
		"gui": {
			"scale": [1.09375, 1.09375, 1.09375]
		},
		"head": {
			"translation": [0, 0, -6.5]
		}
	}
}