{
	"credit": "Made with Blockbench",
	"textures": {
		"0": "misc/glass",
		"1": "misc/basicgold",
		"2": "misc/alienhead",
		"3": "misc/spikething",
		"particle": "misc/glass"
	},
	"elements": [
		{
			"from": [0.5, 0, 1.3125],
			"to": [15.25, 4.9375, 14.3125],
			"rotation": {"angle": 0, "axis": "y", "origin": [14.375, 10.0625, -4.1875]},
			"faces": {
				"north": {"uv": [0, 7, 16, 16], "texture": "#0"},
				"east": {"uv": [0, 4, 16, 15.938], "texture": "#0"},
				"south": {"uv": [0, 5, 15.75, 15.938], "texture": "#0"},
				"west": {"uv": [0, 4, 16, 15.938], "texture": "#0"},
				"up": {"uv": [0, 0, 13, 14.75], "rotation": 270, "texture": "#0"},
				"down": {"uv": [0, 0, 13, 14.75], "rotation": 90, "texture": "#0"}
			}
		},
		{
			"from": [0.5, 18.375, 1.3125],
			"to": [15.25, 21.6875, 14.3125],
			"rotation": {"angle": 0, "axis": "y", "origin": [14.375, 26.375, -4.1875]},
			"faces": {
				"north": {"uv": [0, 0, 14.75, 2.875], "texture": "#0"},
				"east": {"uv": [0, 0, 13, 2.875], "texture": "#0"},
				"south": {"uv": [0, 0, 14.75, 2.875], "texture": "#0"},
				"west": {"uv": [0, 0, 13, 2.875], "texture": "#0"},
				"up": {"uv": [0, 0, 13, 14.75], "rotation": 270, "texture": "#0"},
				"down": {"uv": [0, 0, 13, 14.75], "rotation": 90, "texture": "#0"}
			}
		},
		{
			"from": [2.125, 4.9375, 2.8125],
			"to": [13.875, 8.3125, 12.8125],
			"rotation": {"angle": 0, "axis": "y", "origin": [14.875, 12.9375, -4.1875]},
			"faces": {
				"north": {"uv": [0, 0, 15.75, 15.375], "texture": "#0"},
				"east": {"uv": [0, 2, 16, 8.375], "texture": "#0"},
				"south": {"uv": [0, 0, 15.75, 6.375], "texture": "#0"},
				"west": {"uv": [0, 0, 16, 9.375], "texture": "#0"},
				"up": {"uv": [0, 0, 10, 11.75], "rotation": 270, "texture": "#0"},
				"down": {"uv": [0, 0, 10, 11.75], "rotation": 90, "texture": "#0"}
			}
		},
		{
			"from": [2.375, 14.9375, 2.3125],
			"to": [13.375, 18.3125, 13.3125],
			"rotation": {"angle": 0, "axis": "y", "origin": [14.375, 22.9375, -4.1875]},
			"faces": {
				"north": {"uv": [0, 0, 16, 6.375], "texture": "#0"},
				"east": {"uv": [16, 0, 0, 7.375], "texture": "#0"},
				"south": {"uv": [16, 0, 0, 5.375], "texture": "#0"},
				"west": {"uv": [0, 0, 16, 4.375], "texture": "#0"},
				"up": {"uv": [0, 0, 11, 11], "rotation": 270, "texture": "#0"},
				"down": {"uv": [0, 0, 11, 11], "rotation": 90, "texture": "#0"}
			}
		},
		{
			"from": [3.125, 24, -0.75],
			"to": [4.25, 24.875, 0.1875],
			"rotation": {"angle": 0, "axis": "y", "origin": [18.1875, 35.6875, 11.1875]},
			"faces": {
				"north": {"uv": [16, 0, 0, 16], "texture": "#3"},
				"east": {"uv": [0, 0, 16, 16], "texture": "#3"},
				"south": {"uv": [0, 0, 16, 16], "texture": "#3"},
				"west": {"uv": [15.313, 0, 0, 15.125], "texture": "#3"},
				"up": {"uv": [0, 16, 16, 0], "texture": "#1"},
				"down": {"uv": [0, 16, 16, 0], "texture": "#1"}
			}
		},
		{
			"from": [2.875, 21.0625, -0.75],
			"to": [4.5, 24, 0.1875],
			"rotation": {"angle": 0, "axis": "y", "origin": [18.1875, 32.75, 11.1875]},
			"faces": {
				"north": {"uv": [16, 0, 0, 16], "texture": "#3"},
				"east": {"uv": [0, 0, 16, 16], "texture": "#3"},
				"south": {"uv": [4.625, 0, 0, 1.125], "texture": "#1"},
				"west": {"uv": [15.313, 0, 0, 15.125], "texture": "#3"},
				"up": {"uv": [0, 16, 16, 0], "texture": "#1"},
				"down": {"uv": [0, 16, 16, 0], "texture": "#1"}
			}
		},
		{
			"from": [11.125, 21.0625, -0.75],
			"to": [12.75, 24, 0.1875],
			"rotation": {"angle": 0, "axis": "y", "origin": [26.4375, 32.75, 11.1875]},
			"faces": {
				"north": {"uv": [16, 0, 0, 16], "texture": "#3"},
				"east": {"uv": [0, 0, 16, 16], "texture": "#3"},
				"south": {"uv": [4.625, 0, 0, 1.125], "texture": "#1"},
				"west": {"uv": [15.313, 0, 0, 15.125], "texture": "#3"},
				"up": {"uv": [0, 16, 16, 0], "texture": "#1"},
				"down": {"uv": [0, 16, 16, 0], "texture": "#1"}
			}
		},
		{
			"from": [11.375, 24, -0.75],
			"to": [12.5, 24.875, 0.1875],
			"rotation": {"angle": 0, "axis": "y", "origin": [26.4375, 35.6875, 11.1875]},
			"faces": {
				"north": {"uv": [16, 0, 0, 16], "texture": "#3"},
				"east": {"uv": [0, 0, 16, 16], "texture": "#3"},
				"south": {"uv": [0, 0, 16, 16], "texture": "#3"},
				"west": {"uv": [15.313, 0, 0, 15.125], "texture": "#3"},
				"up": {"uv": [0, 16, 16, 0], "texture": "#1"},
				"down": {"uv": [0, 16, 16, 0], "texture": "#1"}
			}
		},
		{
			"from": [3.125, -2.4375, -0.75],
			"to": [4.25, -1.5625, 0.1875],
			"rotation": {"angle": 0, "axis": "y", "origin": [18.1875, -13.25, 11.1875]},
			"faces": {
				"north": {"uv": [16, 16, 0, 0], "texture": "#3"},
				"east": {"uv": [0, 16, 16, 0], "texture": "#3"},
				"south": {"uv": [0, 16, 16, 0], "texture": "#3"},
				"west": {"uv": [15.313, 15.125, 0, 0], "texture": "#3"},
				"up": {"uv": [0, 0, 16, 16], "texture": "#1"},
				"down": {"uv": [0, 0, 16, 16], "texture": "#1"}
			}
		},
		{
			"from": [2.875, -1.5625, -0.75],
			"to": [4.5, 1.375, 0.1875],
			"rotation": {"angle": 0, "axis": "y", "origin": [18.1875, -10.3125, 11.1875]},
			"faces": {
				"north": {"uv": [16, 16, 0, 0], "texture": "#3"},
				"east": {"uv": [0, 16, 16, 0], "texture": "#3"},
				"south": {"uv": [4.625, 1.125, 0, 0], "texture": "#1"},
				"west": {"uv": [15.313, 15.125, 0, 0], "texture": "#3"},
				"up": {"uv": [0, 0, 16, 16], "texture": "#1"},
				"down": {"uv": [0, 0, 16, 16], "texture": "#1"}
			}
		},
		{
			"from": [11.125, -1.5625, -0.75],
			"to": [12.75, 1.375, 0.1875],
			"rotation": {"angle": 0, "axis": "y", "origin": [26.4375, -10.3125, 11.1875]},
			"faces": {
				"north": {"uv": [16, 16, 0, 0], "texture": "#3"},
				"east": {"uv": [0, 16, 16, 0], "texture": "#3"},
				"south": {"uv": [4.625, 1.125, 0, 0], "texture": "#1"},
				"west": {"uv": [15.313, 15.125, 0, 0], "texture": "#3"},
				"up": {"uv": [0, 0, 16, 16], "texture": "#1"},
				"down": {"uv": [0, 0, 16, 16], "texture": "#1"}
			}
		},
		{
			"from": [11.375, -2.4375, -0.75],
			"to": [12.5, -1.5625, 0.1875],
			"rotation": {"angle": 0, "axis": "y", "origin": [26.4375, -13.25, 11.1875]},
			"faces": {
				"north": {"uv": [16, 16, 0, 0], "texture": "#3"},
				"east": {"uv": [0, 16, 16, 0], "texture": "#3"},
				"south": {"uv": [0, 16, 16, 0], "texture": "#3"},
				"west": {"uv": [15.313, 15.125, 0, 0], "texture": "#3"},
				"up": {"uv": [0, 0, 16, 16], "texture": "#1"},
				"down": {"uv": [0, 0, 16, 16], "texture": "#1"}
			}
		},
		{
			"from": [3.375, -2.4375, 15.5625],
			"to": [4.5, -1.5625, 16.5],
			"rotation": {"angle": 0, "axis": "y", "origin": [18.4375, -13.25, 27.5]},
			"faces": {
				"north": {"uv": [16, 16, 0, 0], "texture": "#3"},
				"east": {"uv": [0, 16, 16, 0], "texture": "#3"},
				"south": {"uv": [0, 16, 16, 0], "texture": "#3"},
				"west": {"uv": [15.313, 15.125, 0, 0], "texture": "#3"},
				"up": {"uv": [0, 0, 16, 16], "texture": "#1"},
				"down": {"uv": [0, 0, 16, 16], "texture": "#1"}
			}
		},
		{
			"from": [3.125, -1.5625, 15.5625],
			"to": [4.75, 1.375, 16.5],
			"rotation": {"angle": 0, "axis": "y", "origin": [18.4375, -10.3125, 27.5]},
			"faces": {
				"north": {"uv": [16, 16, 0, 0], "texture": "#3"},
				"east": {"uv": [0, 16, 16, 0], "texture": "#3"},
				"south": {"uv": [4.625, 1.125, 0, 0], "texture": "#1"},
				"west": {"uv": [15.313, 15.125, 0, 0], "texture": "#3"},
				"up": {"uv": [0, 0, 16, 16], "texture": "#1"},
				"down": {"uv": [0, 0, 16, 16], "texture": "#1"}
			}
		},
		{
			"from": [11.375, -1.5625, 15.5625],
			"to": [13, 1.375, 16.5],
			"rotation": {"angle": 0, "axis": "y", "origin": [26.6875, -10.3125, 27.5]},
			"faces": {
				"north": {"uv": [16, 16, 0, 0], "texture": "#3"},
				"east": {"uv": [0, 16, 16, 0], "texture": "#3"},
				"south": {"uv": [4.625, 1.125, 0, 0], "texture": "#1"},
				"west": {"uv": [15.313, 15.125, 0, 0], "texture": "#3"},
				"up": {"uv": [0, 0, 16, 16], "texture": "#1"},
				"down": {"uv": [0, 0, 16, 16], "texture": "#1"}
			}
		},
		{
			"from": [11.625, -2.4375, 15.5625],
			"to": [12.75, -1.5625, 16.5],
			"rotation": {"angle": 0, "axis": "y", "origin": [26.6875, -13.25, 27.5]},
			"faces": {
				"north": {"uv": [16, 16, 0, 0], "texture": "#3"},
				"east": {"uv": [0, 16, 16, 0], "texture": "#3"},
				"south": {"uv": [0, 16, 16, 0], "texture": "#3"},
				"west": {"uv": [15.313, 15.125, 0, 0], "texture": "#3"},
				"up": {"uv": [0, 0, 16, 16], "texture": "#1"},
				"down": {"uv": [0, 0, 16, 16], "texture": "#1"}
			}
		},
		{
			"from": [3.125, 24, 15.5625],
			"to": [4.25, 24.875, 16.5],
			"rotation": {"angle": 0, "axis": "y", "origin": [18.1875, 35.6875, 27.5]},
			"faces": {
				"north": {"uv": [16, 0, 0, 16], "texture": "#3"},
				"east": {"uv": [0, 0, 16, 16], "texture": "#3"},
				"south": {"uv": [0, 0, 16, 16], "texture": "#3"},
				"west": {"uv": [15.313, 0, 0, 15.125], "texture": "#3"},
				"up": {"uv": [0, 16, 16, 0], "texture": "#1"},
				"down": {"uv": [0, 16, 16, 0], "texture": "#1"}
			}
		},
		{
			"from": [2.875, 21.0625, 15.5625],
			"to": [4.5, 24, 16.5],
			"rotation": {"angle": 0, "axis": "y", "origin": [18.1875, 32.75, 27.5]},
			"faces": {
				"north": {"uv": [16, 0, 0, 16], "texture": "#3"},
				"east": {"uv": [0, 0, 16, 16], "texture": "#3"},
				"south": {"uv": [0, 0, 16, 16], "texture": "#3"},
				"west": {"uv": [15.313, 0, 0, 15.125], "texture": "#3"},
				"up": {"uv": [0, 16, 16, 0], "texture": "#1"},
				"down": {"uv": [0, 16, 16, 0], "texture": "#1"}
			}
		},
		{
			"from": [11.125, 21.0625, 15.5625],
			"to": [12.75, 24, 16.5],
			"rotation": {"angle": 0, "axis": "y", "origin": [26.4375, 32.75, 27.5]},
			"faces": {
				"north": {"uv": [16, 0, 0, 16], "texture": "#3"},
				"east": {"uv": [0, 0, 16, 16], "texture": "#3"},
				"south": {"uv": [0, 0, 16, 16], "texture": "#3"},
				"west": {"uv": [15.313, 0, 0, 15.125], "texture": "#3"},
				"up": {"uv": [0, 16, 16, 0], "texture": "#1"},
				"down": {"uv": [0, 16, 16, 0], "texture": "#1"}
			}
		},
		{
			"from": [11.375, 24, 15.5625],
			"to": [12.5, 24.875, 16.5],
			"rotation": {"angle": 0, "axis": "y", "origin": [26.4375, 35.6875, 27.5]},
			"faces": {
				"north": {"uv": [16, 0, 0, 16], "texture": "#3"},
				"east": {"uv": [0, 0, 16, 16], "texture": "#3"},
				"south": {"uv": [0, 0, 16, 16], "texture": "#3"},
				"west": {"uv": [15.313, 0, 0, 15.125], "texture": "#3"},
				"up": {"uv": [0, 16, 16, 0], "texture": "#1"},
				"down": {"uv": [0, 16, 16, 0], "texture": "#1"}
			}
		},
		{
			"from": [16.5, 24, 3.125],
			"to": [17.4375, 24.875, 4.25],
			"rotation": {"angle": 0, "axis": "y", "origin": [5.5, 35.6875, 18.1875]},
			"faces": {
				"north": {"uv": [15.313, 0, 0, 15.125], "texture": "#3"},
				"east": {"uv": [16, 0, 0, 16], "texture": "#3"},
				"south": {"uv": [0, 0, 16, 16], "texture": "#3"},
				"west": {"uv": [0, 0, 16, 16], "texture": "#3"},
				"up": {"uv": [0, 16, 16, 0], "rotation": 90, "texture": "#1"},
				"down": {"uv": [0, 16, 16, 0], "rotation": 270, "texture": "#1"}
			}
		},
		{
			"from": [16.5, 21.0625, 2.875],
			"to": [17.4375, 24, 4.5],
			"rotation": {"angle": 0, "axis": "y", "origin": [5.5, 32.75, 18.1875]},
			"faces": {
				"north": {"uv": [15.313, 0, 0, 15.125], "texture": "#3"},
				"east": {"uv": [16, 0, 0, 16], "texture": "#3"},
				"south": {"uv": [0, 0, 16, 16], "texture": "#3"},
				"west": {"uv": [0, 0, 16, 16], "texture": "#3"},
				"up": {"uv": [0, 16, 16, 0], "rotation": 90, "texture": "#1"},
				"down": {"uv": [0, 16, 16, 0], "rotation": 270, "texture": "#1"}
			}
		},
		{
			"from": [16.5, 21.0625, 11.125],
			"to": [17.4375, 24, 12.75],
			"rotation": {"angle": 0, "axis": "y", "origin": [5.5, 32.75, 26.4375]},
			"faces": {
				"north": {"uv": [15.313, 0, 0, 15.125], "texture": "#3"},
				"east": {"uv": [16, 0, 0, 16], "texture": "#3"},
				"south": {"uv": [0, 0, 16, 16], "texture": "#3"},
				"west": {"uv": [0, 0, 16, 16], "texture": "#3"},
				"up": {"uv": [0, 16, 16, 0], "rotation": 90, "texture": "#1"},
				"down": {"uv": [0, 16, 16, 0], "rotation": 270, "texture": "#1"}
			}
		},
		{
			"from": [16.5, 24, 11.375],
			"to": [17.4375, 24.875, 12.5],
			"rotation": {"angle": 0, "axis": "y", "origin": [5.5, 35.6875, 26.4375]},
			"faces": {
				"north": {"uv": [15.313, 0, 0, 15.125], "texture": "#3"},
				"east": {"uv": [16, 0, 0, 16], "texture": "#3"},
				"south": {"uv": [0, 0, 16, 16], "texture": "#3"},
				"west": {"uv": [0, 0, 16, 16], "texture": "#3"},
				"up": {"uv": [0, 16, 16, 0], "rotation": 90, "texture": "#1"},
				"down": {"uv": [0, 16, 16, 0], "rotation": 270, "texture": "#1"}
			}
		},
		{
			"from": [-1.625, 24, 3.125],
			"to": [-0.6875, 24.875, 4.25],
			"rotation": {"angle": 0, "axis": "y", "origin": [-12.625, 35.6875, 18.1875]},
			"faces": {
				"north": {"uv": [15.313, 0, 0, 15.125], "texture": "#3"},
				"east": {"uv": [16, 0, 0, 16], "texture": "#3"},
				"south": {"uv": [0, 0, 16, 16], "texture": "#3"},
				"west": {"uv": [0, 0, 16, 16], "texture": "#3"},
				"up": {"uv": [0, 16, 16, 0], "rotation": 90, "texture": "#1"},
				"down": {"uv": [0, 16, 16, 0], "rotation": 270, "texture": "#1"}
			}
		},
		{
			"from": [-1.625, 21.0625, 2.875],
			"to": [-0.6875, 24, 4.5],
			"rotation": {"angle": 0, "axis": "y", "origin": [-12.625, 32.75, 18.1875]},
			"faces": {
				"north": {"uv": [15.313, 0, 0, 15.125], "texture": "#3"},
				"east": {"uv": [16, 0, 0, 16], "texture": "#3"},
				"south": {"uv": [0, 0, 16, 16], "texture": "#3"},
				"west": {"uv": [0, 0, 16, 16], "texture": "#3"},
				"up": {"uv": [0, 16, 16, 0], "rotation": 90, "texture": "#1"},
				"down": {"uv": [0, 16, 16, 0], "rotation": 270, "texture": "#1"}
			}
		},
		{
			"from": [-1.625, 21.0625, 11.125],
			"to": [-0.6875, 24, 12.75],
			"rotation": {"angle": 0, "axis": "y", "origin": [-12.625, 32.75, 26.4375]},
			"faces": {
				"north": {"uv": [15.313, 0, 0, 15.125], "texture": "#3"},
				"east": {"uv": [16, 0, 0, 16], "texture": "#3"},
				"south": {"uv": [0, 0, 16, 16], "texture": "#3"},
				"west": {"uv": [0, 0, 16, 16], "texture": "#3"},
				"up": {"uv": [0, 16, 16, 0], "rotation": 90, "texture": "#1"},
				"down": {"uv": [0, 16, 16, 0], "rotation": 270, "texture": "#1"}
			}
		},
		{
			"from": [-1.625, 24, 11.375],
			"to": [-0.6875, 24.875, 12.5],
			"rotation": {"angle": 0, "axis": "y", "origin": [-12.625, 35.6875, 26.4375]},
			"faces": {
				"north": {"uv": [15.313, 0, 0, 15.125], "texture": "#3"},
				"east": {"uv": [16, 0, 0, 16], "texture": "#3"},
				"south": {"uv": [0, 0, 16, 16], "texture": "#3"},
				"west": {"uv": [0, 0, 16, 16], "texture": "#3"},
				"up": {"uv": [0, 16, 16, 0], "rotation": 90, "texture": "#1"},
				"down": {"uv": [0, 16, 16, 0], "rotation": 270, "texture": "#1"}
			}
		},
		{
			"from": [-1.6875, -2.3125, 3.125],
			"to": [-0.75, -1.4375, 4.25],
			"rotation": {"angle": 0, "axis": "y", "origin": [-12.6875, -13.125, 18.1875]},
			"faces": {
				"north": {"uv": [15.313, 15.125, 0, 0], "texture": "#3"},
				"east": {"uv": [16, 16, 0, 0], "texture": "#3"},
				"south": {"uv": [0, 16, 16, 0], "texture": "#3"},
				"west": {"uv": [0, 16, 16, 0], "texture": "#3"},
				"up": {"uv": [16, 16, 0, 0], "rotation": 270, "texture": "#1"},
				"down": {"uv": [16, 16, 0, 0], "rotation": 90, "texture": "#1"}
			}
		},
		{
			"from": [-1.6875, -1.4375, 2.875],
			"to": [-0.75, 1.5, 4.5],
			"rotation": {"angle": 0, "axis": "y", "origin": [-12.6875, -10.1875, 18.1875]},
			"faces": {
				"north": {"uv": [15.313, 15.125, 0, 0], "texture": "#3"},
				"east": {"uv": [16, 16, 0, 0], "texture": "#3"},
				"south": {"uv": [0, 16, 16, 0], "texture": "#3"},
				"west": {"uv": [0, 16, 16, 0], "texture": "#3"},
				"up": {"uv": [16, 16, 0, 0], "rotation": 270, "texture": "#1"},
				"down": {"uv": [16, 16, 0, 0], "rotation": 90, "texture": "#1"}
			}
		},
		{
			"from": [-1.6875, -1.4375, 11.125],
			"to": [-0.75, 1.5, 12.75],
			"rotation": {"angle": 0, "axis": "y", "origin": [-12.6875, -10.1875, 26.4375]},
			"faces": {
				"north": {"uv": [15.313, 15.125, 0, 0], "texture": "#3"},
				"east": {"uv": [16, 16, 0, 0], "texture": "#3"},
				"south": {"uv": [0, 16, 16, 0], "texture": "#3"},
				"west": {"uv": [0, 16, 16, 0], "texture": "#3"},
				"up": {"uv": [16, 16, 0, 0], "rotation": 270, "texture": "#1"},
				"down": {"uv": [16, 16, 0, 0], "rotation": 90, "texture": "#1"}
			}
		},
		{
			"from": [-1.6875, -2.3125, 11.375],
			"to": [-0.75, -1.4375, 12.5],
			"rotation": {"angle": 0, "axis": "y", "origin": [-12.6875, -13.125, 26.4375]},
			"faces": {
				"north": {"uv": [15.313, 15.125, 0, 0], "texture": "#3"},
				"east": {"uv": [16, 16, 0, 0], "texture": "#3"},
				"south": {"uv": [0, 16, 16, 0], "texture": "#3"},
				"west": {"uv": [0, 16, 16, 0], "texture": "#3"},
				"up": {"uv": [16, 16, 0, 0], "rotation": 270, "texture": "#1"},
				"down": {"uv": [16, 16, 0, 0], "rotation": 90, "texture": "#1"}
			}
		},
		{
			"from": [16.5, -2.3125, 3.125],
			"to": [17.4375, -1.4375, 4.25],
			"rotation": {"angle": 0, "axis": "y", "origin": [5.5, -13.125, 18.1875]},
			"faces": {
				"north": {"uv": [15.313, 15.125, 0, 0], "texture": "#3"},
				"east": {"uv": [16, 16, 0, 0], "texture": "#3"},
				"south": {"uv": [0, 16, 16, 0], "texture": "#3"},
				"west": {"uv": [0, 16, 16, 0], "texture": "#3"},
				"up": {"uv": [16, 16, 0, 0], "rotation": 270, "texture": "#1"},
				"down": {"uv": [16, 16, 0, 0], "rotation": 90, "texture": "#1"}
			}
		},
		{
			"from": [16.5, -1.4375, 2.875],
			"to": [17.4375, 1.5, 4.5],
			"rotation": {"angle": 0, "axis": "y", "origin": [5.5, -10.1875, 18.1875]},
			"faces": {
				"north": {"uv": [15.313, 15.125, 0, 0], "texture": "#3"},
				"east": {"uv": [16, 16, 0, 0], "texture": "#3"},
				"south": {"uv": [0, 16, 16, 0], "texture": "#3"},
				"west": {"uv": [0, 16, 16, 0], "texture": "#3"},
				"up": {"uv": [16, 16, 0, 0], "rotation": 270, "texture": "#1"},
				"down": {"uv": [16, 16, 0, 0], "rotation": 90, "texture": "#1"}
			}
		},
		{
			"from": [16.5, -1.4375, 11.125],
			"to": [17.4375, 1.5, 12.75],
			"rotation": {"angle": 0, "axis": "y", "origin": [5.5, -10.1875, 26.4375]},
			"faces": {
				"north": {"uv": [15.313, 15.125, 0, 0], "texture": "#3"},
				"east": {"uv": [16, 16, 0, 0], "texture": "#3"},
				"south": {"uv": [0, 16, 16, 0], "texture": "#3"},
				"west": {"uv": [0, 16, 16, 0], "texture": "#3"},
				"up": {"uv": [16, 16, 0, 0], "rotation": 270, "texture": "#1"},
				"down": {"uv": [16, 16, 0, 0], "rotation": 90, "texture": "#1"}
			}
		},
		{
			"from": [16.5, -2.3125, 11.375],
			"to": [17.4375, -1.4375, 12.5],
			"rotation": {"angle": 0, "axis": "y", "origin": [5.5, -13.125, 26.4375]},
			"faces": {
				"north": {"uv": [15.313, 15.125, 0, 0], "texture": "#3"},
				"east": {"uv": [16, 16, 0, 0], "texture": "#3"},
				"south": {"uv": [0, 16, 16, 0], "texture": "#3"},
				"west": {"uv": [0, 16, 16, 0], "texture": "#3"},
				"up": {"uv": [16, 16, 0, 0], "rotation": 270, "texture": "#1"},
				"down": {"uv": [16, 16, 0, 0], "rotation": 90, "texture": "#1"}
			}
		},
		{
			"from": [3.625, 8.3125, 3.8125],
			"to": [11.75, 10.5625, 11.8125],
			"rotation": {"angle": 0, "axis": "y", "origin": [14.375, 16.3125, -4.1875]},
			"faces": {
				"north": {"uv": [0, 0, 15.125, 5.25], "texture": "#0"},
				"east": {"uv": [0, 0, 16, 4.25], "texture": "#0"},
				"south": {"uv": [0, 0, 15.125, 4.25], "texture": "#0"},
				"west": {"uv": [0, 0, 16, 6.25], "texture": "#0"},
				"up": {"uv": [0, 0, 8, 8.125], "rotation": 270, "texture": "#0"},
				"down": {"uv": [0, 0, 8, 8.125], "rotation": 90, "texture": "#0"}
			}
		},
		{
			"from": [3.625, 12.75, 3.6875],
			"to": [11.75, 15, 11.9375],
			"rotation": {"angle": 0, "axis": "y", "origin": [14.375, 20.75, -4.1875]},
			"faces": {
				"north": {"uv": [0, 0, 15.125, 14.25], "texture": "#0"},
				"east": {"uv": [0, 0, 15.25, 11.25], "texture": "#0"},
				"south": {"uv": [0, 4, 15.125, 15.25], "texture": "#0"},
				"west": {"uv": [0, 1, 15.25, 11.25], "texture": "#0"},
				"up": {"uv": [0, 0, 8.25, 8.125], "rotation": 270, "texture": "#0"},
				"down": {"uv": [0, 0, 8.25, 8.125], "rotation": 90, "texture": "#0"}
			}
		},
		{
			"from": [5.1875, 10.5625, 5.5625],
			"to": [10.375, 12.8125, 10.0625],
			"rotation": {"angle": 0, "axis": "y", "origin": [14.9375, 18.5625, -4.1875]},
			"faces": {
				"north": {"uv": [0, 13, 15.188, 15.25], "texture": "#0"},
				"east": {"uv": [0, 10, 15.5, 15.25], "texture": "#0"},
				"south": {"uv": [0, 14, 15.188, 16], "texture": "#0"},
				"west": {"uv": [0, 13, 15.5, 16], "texture": "#0"},
				"up": {"uv": [1, 7, 16, 12.188], "rotation": 270, "texture": "#0"},
				"down": {"uv": [2, 5, 15.5, 10.188], "rotation": 90, "texture": "#0"}
			}
		},
		{
			"from": [0.375, -1.3125, 1.25],
			"to": [15.3125, -0.0625, 14.4375],
			"rotation": {"angle": 0, "axis": "y", "origin": [19.75, 8.6875, 8]},
			"faces": {
				"north": {"uv": [0, 0, 14.8125, 1.25], "texture": "#1"},
				"east": {"uv": [0, 0, 16, 0.25], "texture": "#1"},
				"south": {"uv": [0, 0, 14.813, 0.25], "texture": "#1"},
				"west": {"uv": [0, 0, 15.063, 0.25], "texture": "#1"},
				"up": {"uv": [0, 0, 14.8125, 13.0625], "texture": "#1"},
				"down": {"uv": [0, 0, 16, 16], "texture": "#1"}
			}
		},
		{
			"from": [15.1875, 1.375, 6.3125],
			"to": [16.5, 3.25, 9.1875],
			"rotation": {"angle": 0, "axis": "y", "origin": [23.1875, 13.0625, -3.375]},
			"faces": {
				"north": {"uv": [0, 0, 1.3125, 1.125], "texture": "#1"},
				"east": {"uv": [1, 0, 15, 16], "texture": "#2"},
				"south": {"uv": [0, 0, 1.3125, 1.125], "texture": "#1"},
				"west": {"uv": [0, 0, 4.625, 1.125], "texture": "#1"},
				"up": {"uv": [0, 0, 16, 16], "rotation": 270, "texture": "#1"},
				"down": {"uv": [0, 0, 16, 16], "rotation": 90, "texture": "#1"}
			}
		},
		{
			"from": [15.1875, 1.375, 9.1875],
			"to": [16.5, 2.6875, 11.1875],
			"rotation": {"angle": 0, "axis": "y", "origin": [23.1875, 13.0625, 0.375]},
			"faces": {
				"north": {"uv": [0, 0, 1.3125, 1.125], "texture": "#1"},
				"east": {"uv": [0, 0, 15, 16], "texture": "#1"},
				"south": {"uv": [0, 0, 1.3125, 1.125], "texture": "#1"},
				"west": {"uv": [0, 0, 4.625, 1.125], "texture": "#1"},
				"up": {"uv": [0, 0, 16, 16], "rotation": 270, "texture": "#1"},
				"down": {"uv": [0, 0, 16, 16], "rotation": 90, "texture": "#1"}
			}
		},
		{
			"from": [15.1875, 1.375, 4.3125],
			"to": [16.5, 2.6875, 6.3125],
			"rotation": {"angle": 0, "axis": "y", "origin": [23.1875, 13.0625, -4.5]},
			"faces": {
				"north": {"uv": [0, 0, 16, 16], "texture": "#1"},
				"east": {"uv": [1, 0, 16, 16], "texture": "#1"},
				"south": {"uv": [0, 0, 1.3125, 1.125], "texture": "#1"},
				"west": {"uv": [0, 0, 4.625, 1.125], "texture": "#1"},
				"up": {"uv": [0, 0, 16, 16], "rotation": 270, "texture": "#1"},
				"down": {"uv": [0, 0, 16, 16], "rotation": 90, "texture": "#1"}
			}
		},
		{
			"from": [15.25, 0, 1.3125],
			"to": [16.5, 1.375, 14.3125],
			"rotation": {"angle": 0, "axis": "y", "origin": [32.75, 11, 8]},
			"faces": {
				"north": {"uv": [0, 1, 2.25, 15.375], "texture": "#1"},
				"east": {"uv": [0, 0, 16, 16], "texture": "#1"},
				"south": {"uv": [12, 0, 16, 15.375], "texture": "#1"},
				"west": {"uv": [0, 0, 16, 16], "texture": "#1"},
				"up": {"uv": [13, 0, 16, 16], "texture": "#1"},
				"down": {"uv": [13, 0, 16, 16], "texture": "#1"}
			}
		},
		{
			"from": [-0.75, 1.375, 6.3125],
			"to": [0.5625, 3.25, 9.1875],
			"rotation": {"angle": 0, "axis": "y", "origin": [-7.4375, 13.0625, -3.375]},
			"faces": {
				"north": {"uv": [1.3125, 0, 0, 1.125], "texture": "#1"},
				"east": {"uv": [4.625, 0, 0, 1.125], "texture": "#1"},
				"south": {"uv": [1.3125, 0, 0, 1.125], "texture": "#1"},
				"west": {"uv": [16, 0, 1, 16], "texture": "#2"},
				"up": {"uv": [0, 16, 16, 0], "rotation": 270, "texture": "#1"},
				"down": {"uv": [0, 16, 16, 0], "rotation": 90, "texture": "#1"}
			}
		},
		{
			"from": [-0.75, 1.375, 9.1875],
			"to": [0.5625, 2.6875, 11.1875],
			"rotation": {"angle": 0, "axis": "y", "origin": [-7.4375, 13.0625, 0.375]},
			"faces": {
				"north": {"uv": [1.3125, 0, 0, 1.125], "texture": "#1"},
				"east": {"uv": [4.625, 0, 0, 1.125], "texture": "#1"},
				"south": {"uv": [1.3125, 0, 0, 1.125], "texture": "#1"},
				"west": {"uv": [15, 0, 0, 16], "texture": "#1"},
				"up": {"uv": [0, 16, 16, 0], "rotation": 270, "texture": "#1"},
				"down": {"uv": [0, 16, 16, 0], "rotation": 90, "texture": "#1"}
			}
		},
		{
			"from": [-0.75, 1.375, 4.3125],
			"to": [0.5625, 2.6875, 6.3125],
			"rotation": {"angle": 0, "axis": "y", "origin": [-7.4375, 13.0625, -4.5]},
			"faces": {
				"north": {"uv": [16, 0, 0, 16], "texture": "#1"},
				"east": {"uv": [4.625, 0, 0, 1.125], "texture": "#1"},
				"south": {"uv": [1.3125, 0, 0, 1.125], "texture": "#1"},
				"west": {"uv": [16, 0, 1, 16], "texture": "#1"},
				"up": {"uv": [0, 16, 16, 0], "rotation": 270, "texture": "#1"},
				"down": {"uv": [0, 16, 16, 0], "rotation": 90, "texture": "#1"}
			}
		},
		{
			"from": [-0.75, 0, 1.3125],
			"to": [0.5, 1.375, 14.375],
			"rotation": {"angle": 0, "axis": "y", "origin": [-17, 11, 8]},
			"faces": {
				"north": {"uv": [2.25, 1, 0, 15.375], "texture": "#1"},
				"east": {"uv": [16, 0, 0, 16], "texture": "#1"},
				"south": {"uv": [16, 0, 12, 15.375], "texture": "#1"},
				"west": {"uv": [16, 0, 0, 16], "texture": "#1"},
				"up": {"uv": [16, 0, 13, 16], "texture": "#1"},
				"down": {"uv": [16, 0, 13, 16], "texture": "#1"}
			}
		},
		{
			"from": [6.375, 1.375, 0.1875],
			"to": [9.25, 3.25, 1.5],
			"rotation": {"angle": 0, "axis": "y", "origin": [20.0625, 13.0625, 12.5]},
			"faces": {
				"north": {"uv": [15, 0, 1, 16], "texture": "#2"},
				"east": {"uv": [1.3125, 0, 0, 1.125], "texture": "#1"},
				"south": {"uv": [4.625, 0, 0, 1.125], "texture": "#1"},
				"west": {"uv": [1.3125, 0, 0, 1.125], "texture": "#1"},
				"up": {"uv": [0, 16, 16, 0], "texture": "#1"},
				"down": {"uv": [0, 16, 16, 0], "texture": "#1"}
			}
		},
		{
			"from": [4.375, 1.375, 0.1875],
			"to": [6.375, 2.6875, 1.5],
			"rotation": {"angle": 0, "axis": "y", "origin": [20.0625, 13.0625, 12.5]},
			"faces": {
				"north": {"uv": [15, 0, 0, 16], "texture": "#1"},
				"east": {"uv": [1.3125, 0, 0, 1.125], "texture": "#1"},
				"south": {"uv": [4.625, 0, 0, 1.125], "texture": "#1"},
				"west": {"uv": [1.3125, 0, 0, 1.125], "texture": "#1"},
				"up": {"uv": [0, 16, 16, 0], "texture": "#1"},
				"down": {"uv": [0, 16, 16, 0], "texture": "#1"}
			}
		},
		{
			"from": [9.25, 1.375, 0.1875],
			"to": [11.25, 2.6875, 1.5],
			"rotation": {"angle": 0, "axis": "y", "origin": [20.0625, 13.0625, 12.5]},
			"faces": {
				"north": {"uv": [16, 0, 1, 16], "texture": "#1"},
				"east": {"uv": [16, 0, 0, 16], "texture": "#1"},
				"south": {"uv": [4.625, 0, 0, 1.125], "texture": "#1"},
				"west": {"uv": [1.3125, 0, 0, 1.125], "texture": "#1"},
				"up": {"uv": [0, 16, 16, 0], "texture": "#1"},
				"down": {"uv": [0, 16, 16, 0], "texture": "#1"}
			}
		},
		{
			"from": [0.5, 0, 0.1875],
			"to": [15.25, 1.375, 1.4375],
			"rotation": {"angle": 0, "axis": "y", "origin": [21.0625, 13.0625, 12.5]},
			"faces": {
				"north": {"uv": [16, 0, 0, 16], "texture": "#1"},
				"east": {"uv": [2.25, 1, 0, 15.375], "texture": "#1"},
				"south": {"uv": [16, 0, 0, 16], "texture": "#1"},
				"west": {"uv": [16, 0, 12, 15.375], "texture": "#1"},
				"up": {"uv": [16, 0, 13, 16], "rotation": 90, "texture": "#1"},
				"down": {"uv": [16, 0, 13, 16], "rotation": 270, "texture": "#1"}
			}
		},
		{
			"from": [6.75, 1.375, 14.25],
			"to": [9.625, 3.25, 15.5625],
			"rotation": {"angle": 0, "axis": "y", "origin": [-4.0625, 13.0625, 3.25]},
			"faces": {
				"north": {"uv": [4.625, 0, 0, 1.125], "texture": "#1"},
				"east": {"uv": [1.3125, 0, 0, 1.125], "texture": "#1"},
				"south": {"uv": [15, 0, 1, 16], "texture": "#2"},
				"west": {"uv": [1.3125, 0, 0, 1.125], "texture": "#1"},
				"up": {"uv": [16, 0, 0, 16], "texture": "#1"},
				"down": {"uv": [16, 0, 0, 16], "texture": "#1"}
			}
		},
		{
			"from": [9.625, 1.375, 14.25],
			"to": [11.625, 2.6875, 15.5625],
			"rotation": {"angle": 0, "axis": "y", "origin": [-4.0625, 13.0625, 3.25]},
			"faces": {
				"north": {"uv": [4.625, 0, 0, 1.125], "texture": "#1"},
				"east": {"uv": [1.3125, 0, 0, 1.125], "texture": "#1"},
				"south": {"uv": [15, 0, 0, 16], "texture": "#1"},
				"west": {"uv": [1.3125, 0, 0, 1.125], "texture": "#1"},
				"up": {"uv": [16, 0, 0, 16], "texture": "#1"},
				"down": {"uv": [16, 0, 0, 16], "texture": "#1"}
			}
		},
		{
			"from": [4.75, 1.375, 14.25],
			"to": [6.75, 2.6875, 15.5625],
			"rotation": {"angle": 0, "axis": "y", "origin": [-4.0625, 13.0625, 3.25]},
			"faces": {
				"north": {"uv": [4.625, 0, 0, 1.125], "texture": "#1"},
				"east": {"uv": [1.3125, 0, 0, 1.125], "texture": "#1"},
				"south": {"uv": [0, 0, 15, 16], "texture": "#1"},
				"west": {"uv": [16, 0, 0, 16], "texture": "#1"},
				"up": {"uv": [16, 0, 0, 16], "texture": "#1"},
				"down": {"uv": [16, 0, 0, 16], "texture": "#1"}
			}
		},
		{
			"from": [0.5625, 0, 14.3125],
			"to": [15.5, 1.375, 15.5625],
			"rotation": {"angle": 0, "axis": "y", "origin": [-5.0625, 13.0625, 3.25]},
			"faces": {
				"north": {"uv": [16, 0, 0, 16], "texture": "#1"},
				"east": {"uv": [16, 0, 12, 15.375], "texture": "#1"},
				"south": {"uv": [16, 0, 0, 16], "texture": "#1"},
				"west": {"uv": [15.25, 1, 0, 15.375], "texture": "#1"},
				"up": {"uv": [13, 16, 16, 0], "rotation": 90, "texture": "#1"},
				"down": {"uv": [13, 16, 16, 0], "rotation": 270, "texture": "#1"}
			}
		},
		{
			"from": [0.4375, 22.4375, 1.3125],
			"to": [15.25, 23.9375, 14.5],
			"rotation": {"angle": 0, "axis": "y", "origin": [19.75, 13.9375, 8]},
			"faces": {
				"north": {"uv": [0, 0, 15.813, 11.25], "texture": "#1"},
				"east": {"uv": [0, 6.25, 16, 0], "texture": "#1"},
				"south": {"uv": [0, 14.25, 15.813, 0], "texture": "#1"},
				"west": {"uv": [0, 0, 16, 4], "texture": "#1"},
				"up": {"uv": [0, 16, 16, 0], "texture": "#1"},
				"down": {"uv": [0, 13.0625, 14.8125, 0], "texture": "#1"}
			}
		},
		{
			"from": [15.1875, 19.1875, 6.3125],
			"to": [16.5, 21.0625, 9.1875],
			"rotation": {"angle": 0, "axis": "y", "origin": [23.1875, 9.375, -3.375]},
			"faces": {
				"north": {"uv": [0, 1.125, 1.3125, 0], "texture": "#1"},
				"east": {"uv": [1, 16, 15, 0], "texture": "#2"},
				"south": {"uv": [0, 1.125, 1.3125, 0], "texture": "#1"},
				"west": {"uv": [0, 1.125, 4.625, 0], "texture": "#1"},
				"up": {"uv": [16, 0, 0, 16], "rotation": 90, "texture": "#1"},
				"down": {"uv": [16, 0, 0, 16], "rotation": 270, "texture": "#1"}
			}
		},
		{
			"from": [15.1875, 19.75, 9.1875],
			"to": [16.5, 21.0625, 11.1875],
			"rotation": {"angle": 0, "axis": "y", "origin": [23.1875, 9.375, 0.375]},
			"faces": {
				"north": {"uv": [0, 1.125, 1.3125, 0], "texture": "#1"},
				"east": {"uv": [0, 16, 15, 0], "texture": "#1"},
				"south": {"uv": [0, 1.125, 1.3125, 0], "texture": "#1"},
				"west": {"uv": [0, 1.125, 4.625, 0], "texture": "#1"},
				"up": {"uv": [16, 0, 0, 16], "rotation": 90, "texture": "#1"},
				"down": {"uv": [16, 0, 0, 16], "rotation": 270, "texture": "#1"}
			}
		},
		{
			"from": [15.1875, 19.75, 4.3125],
			"to": [16.5, 21.0625, 6.3125],
			"rotation": {"angle": 0, "axis": "y", "origin": [23.1875, 9.375, -4.5]},
			"faces": {
				"north": {"uv": [0, 16, 16, 0], "texture": "#1"},
				"east": {"uv": [1, 16, 16, 0], "texture": "#1"},
				"south": {"uv": [0, 1.125, 1.3125, 0], "texture": "#1"},
				"west": {"uv": [0, 1.125, 4.625, 0], "texture": "#1"},
				"up": {"uv": [16, 0, 0, 16], "rotation": 90, "texture": "#1"},
				"down": {"uv": [16, 0, 0, 16], "rotation": 270, "texture": "#1"}
			}
		},
		{
			"from": [15.25, 21.0625, 1.3125],
			"to": [16.5, 22.4375, 14.3125],
			"rotation": {"angle": 0, "axis": "y", "origin": [32.75, 11.4375, 8]},
			"faces": {
				"north": {"uv": [0, 15.375, 13.25, 1], "texture": "#1"},
				"east": {"uv": [0, 16, 16, 0], "texture": "#1"},
				"south": {"uv": [12, 15.375, 16, 0], "texture": "#1"},
				"west": {"uv": [0, 16, 16, 0], "texture": "#1"},
				"up": {"uv": [13, 16, 16, 0], "texture": "#1"},
				"down": {"uv": [13, 16, 16, 0], "texture": "#1"}
			}
		},
		{
			"from": [-0.6875, 19.1875, 6.3125],
			"to": [0.625, 21.0625, 9.1875],
			"rotation": {"angle": 0, "axis": "y", "origin": [-7.375, 9.375, -3.375]},
			"faces": {
				"north": {"uv": [1.3125, 1.125, 0, 0], "texture": "#1"},
				"east": {"uv": [4.625, 1.125, 0, 0], "texture": "#1"},
				"south": {"uv": [1.3125, 1.125, 0, 0], "texture": "#1"},
				"west": {"uv": [15, 16, 1, 0], "texture": "#2"},
				"up": {"uv": [16, 16, 0, 0], "rotation": 90, "texture": "#1"},
				"down": {"uv": [16, 16, 0, 0], "rotation": 270, "texture": "#1"}
			}
		},
		{
			"from": [-0.6875, 19.75, 9.1875],
			"to": [0.625, 21.0625, 11.1875],
			"rotation": {"angle": 0, "axis": "y", "origin": [-7.375, 9.375, 0.375]},
			"faces": {
				"north": {"uv": [1.3125, 1.125, 0, 0], "texture": "#1"},
				"east": {"uv": [4.625, 1.125, 0, 0], "texture": "#1"},
				"south": {"uv": [1.3125, 1.125, 0, 0], "texture": "#1"},
				"west": {"uv": [14, 16, 0, 0], "texture": "#1"},
				"up": {"uv": [16, 16, 0, 0], "rotation": 90, "texture": "#1"},
				"down": {"uv": [16, 16, 0, 0], "rotation": 270, "texture": "#1"}
			}
		},
		{
			"from": [-0.6875, 19.75, 4.3125],
			"to": [0.625, 21.0625, 6.3125],
			"rotation": {"angle": 0, "axis": "y", "origin": [-7.375, 9.375, -4.5]},
			"faces": {
				"north": {"uv": [16, 16, 0, 0], "texture": "#1"},
				"east": {"uv": [4.625, 1.125, 0, 0], "texture": "#1"},
				"south": {"uv": [1.3125, 1.125, 0, 0], "texture": "#1"},
				"west": {"uv": [16, 16, 1, 0], "texture": "#1"},
				"up": {"uv": [16, 16, 0, 0], "rotation": 90, "texture": "#1"},
				"down": {"uv": [16, 16, 0, 0], "rotation": 270, "texture": "#1"}
			}
		},
		{
			"from": [-0.6875, 21.0625, 1.3125],
			"to": [0.5625, 22.4375, 14.375],
			"rotation": {"angle": 0, "axis": "y", "origin": [-16.9375, 11.4375, 8]},
			"faces": {
				"north": {"uv": [6.25, 15.375, 0, 1], "texture": "#1"},
				"east": {"uv": [16, 16, 0, 0], "texture": "#1"},
				"south": {"uv": [16, 15.375, 12, 0], "texture": "#1"},
				"west": {"uv": [16, 16, 0, 0], "texture": "#1"},
				"up": {"uv": [16, 16, 13, 0], "texture": "#1"},
				"down": {"uv": [16, 16, 13, 0], "texture": "#1"}
			}
		},
		{
			"from": [6.375, 19.1875, 0.1875],
			"to": [9.25, 21.0625, 1.5],
			"rotation": {"angle": 0, "axis": "y", "origin": [20.0625, 9.375, 12.5]},
			"faces": {
				"north": {"uv": [15, 16, 1, 0], "texture": "#2"},
				"east": {"uv": [1.3125, 1.125, 0, 0], "texture": "#1"},
				"south": {"uv": [4.625, 1.125, 0, 0], "texture": "#1"},
				"west": {"uv": [1.3125, 1.125, 0, 0], "texture": "#1"},
				"up": {"uv": [0, 0, 16, 16], "texture": "#1"},
				"down": {"uv": [0, 0, 16, 16], "texture": "#1"}
			}
		},
		{
			"from": [4.375, 19.75, 0.1875],
			"to": [6.375, 21.0625, 1.5],
			"rotation": {"angle": 0, "axis": "y", "origin": [20.0625, 9.375, 12.5]},
			"faces": {
				"north": {"uv": [15, 16, 0, 0], "texture": "#1"},
				"east": {"uv": [1.3125, 1.125, 0, 0], "texture": "#1"},
				"south": {"uv": [4.625, 1.125, 0, 0], "texture": "#1"},
				"west": {"uv": [1.3125, 1.125, 0, 0], "texture": "#1"},
				"up": {"uv": [0, 0, 16, 16], "texture": "#1"},
				"down": {"uv": [0, 0, 16, 16], "texture": "#1"}
			}
		},
		{
			"from": [9.25, 19.75, 0.1875],
			"to": [11.25, 21.0625, 1.5],
			"rotation": {"angle": 0, "axis": "y", "origin": [20.0625, 9.375, 12.5]},
			"faces": {
				"north": {"uv": [16, 16, 1, 0], "texture": "#1"},
				"east": {"uv": [16, 16, 0, 0], "texture": "#1"},
				"south": {"uv": [4.625, 1.125, 0, 0], "texture": "#1"},
				"west": {"uv": [1.3125, 1.125, 0, 0], "texture": "#1"},
				"up": {"uv": [0, 0, 16, 16], "texture": "#1"},
				"down": {"uv": [0, 0, 16, 16], "texture": "#1"}
			}
		},
		{
			"from": [0.5, 21.0625, 0.1875],
			"to": [15.25, 22.4375, 1.4375],
			"rotation": {"angle": 0, "axis": "y", "origin": [21.0625, 9.375, 12.5]},
			"faces": {
				"north": {"uv": [16, 16, 0, 0], "texture": "#1"},
				"east": {"uv": [2.25, 15.375, 0, 1], "texture": "#1"},
				"south": {"uv": [16, 16, 0, 0], "texture": "#1"},
				"west": {"uv": [16, 15.375, 12, 0], "texture": "#1"},
				"up": {"uv": [2, 0, 16, 16], "rotation": 270, "texture": "#1"},
				"down": {"uv": [13, 0, 16, 16], "rotation": 90, "texture": "#1"}
			}
		},
		{
			"from": [6.75, 19.1875, 14.25],
			"to": [9.625, 21.0625, 15.5625],
			"rotation": {"angle": 0, "axis": "y", "origin": [-4.0625, 9.375, 3.25]},
			"faces": {
				"north": {"uv": [4.625, 1.125, 0, 0], "texture": "#1"},
				"east": {"uv": [1.3125, 1.125, 0, 0], "texture": "#1"},
				"south": {"uv": [15, 16, 1, 0], "texture": "#2"},
				"west": {"uv": [1.3125, 1.125, 0, 0], "texture": "#1"},
				"up": {"uv": [16, 16, 0, 0], "texture": "#1"},
				"down": {"uv": [16, 16, 0, 0], "texture": "#1"}
			}
		},
		{
			"from": [9.625, 19.75, 14.25],
			"to": [11.625, 21.0625, 15.5625],
			"rotation": {"angle": 0, "axis": "y", "origin": [-4.0625, 9.375, 3.25]},
			"faces": {
				"north": {"uv": [4.625, 1.125, 0, 0], "texture": "#1"},
				"east": {"uv": [1.3125, 1.125, 0, 0], "texture": "#1"},
				"south": {"uv": [15, 16, 0, 0], "texture": "#1"},
				"west": {"uv": [1.3125, 1.125, 0, 0], "texture": "#1"},
				"up": {"uv": [16, 16, 0, 0], "texture": "#1"},
				"down": {"uv": [16, 16, 0, 0], "texture": "#1"}
			}
		},
		{
			"from": [4.75, 19.75, 14.25],
			"to": [6.75, 21.0625, 15.5625],
			"rotation": {"angle": 0, "axis": "y", "origin": [-4.0625, 9.375, 3.25]},
			"faces": {
				"north": {"uv": [4.625, 1.125, 0, 0], "texture": "#1"},
				"east": {"uv": [1.3125, 1.125, 0, 0], "texture": "#1"},
				"south": {"uv": [16, 16, 1, 0], "texture": "#1"},
				"west": {"uv": [16, 16, 0, 0], "texture": "#1"},
				"up": {"uv": [16, 16, 0, 0], "texture": "#1"},
				"down": {"uv": [16, 16, 0, 0], "texture": "#1"}
			}
		},
		{
			"from": [0.5625, 21.0625, 14.3125],
			"to": [15.25, 22.4375, 15.5625],
			"rotation": {"angle": 0, "axis": "y", "origin": [-5.0625, 9.375, 3.25]},
			"faces": {
				"north": {"uv": [16, 16, 0, 0], "texture": "#1"},
				"east": {"uv": [16, 15.375, 12, 0], "texture": "#1"},
				"south": {"uv": [16, 16, 0, 0], "texture": "#1"},
				"west": {"uv": [15.25, 15.375, 0, 1], "texture": "#1"},
				"up": {"uv": [16, 16, 13, 0], "rotation": 270, "texture": "#1"},
				"down": {"uv": [16, 16, 13, 0], "rotation": 90, "texture": "#1"}
			}
		}
	],
	"display": {
		"thirdperson_righthand": {
			"rotation": [0, 0, -90],
			"translation": [-0.5, -1.5, -0.75],
			"scale": [0.17579, 0.17579, 0.17579]
		},
		"thirdperson_lefthand": {
			"rotation": [0, 0, -90],
			"translation": [-0.5, -1.5, -0.75],
			"scale": [0.17579, 0.17579, 0.17579]
		},
		"firstperson_righthand": {
			"rotation": [0, 0, 90],
			"translation": [0.5, 2.75, 0],
			"scale": [0.3457, 0.3457, 0.3457]
		},
		"firstperson_lefthand": {
			"translation": [0.5, 2.75, 0],
			"scale": [0.3457, 0.3457, 0.3457]
		},
		"ground": {
			"translation": [0, 1.5, 0],
			"scale": [0.16406, 0.16406, 0.16406]
		},
		"gui": {
			"rotation": [0, 0, -18],
			"translation": [0, -2, 0],
			"scale": [0.47266, 0.47266, 0.47266]
		},
		"head": {
			"translation": [0, 1, 0]
		},
		"fixed": {
			"rotation": [-90, 0, 0],
			"translation": [0.25, 0, -4.25],
			"scale": [0.50977, 0.50977, 0.50977]
		}
	},
	"groups": [
		{
			"name": "glass",
			"origin": [8, 8, 8],
			"children": [0, 1, 2, 3,
				{
					"name": "spikething",
					"origin": [14.375, 22.9375, -4.1875],
					"children": [4, 5, 6, 7]
				},
				{
					"name": "spikething",
					"origin": [14.375, 22.9375, -4.1875],
					"children": [8, 9, 10, 11]
				},
				{
					"name": "spikething",
					"origin": [14.375, 22.9375, -4.1875],
					"children": [12, 13, 14, 15]
				},
				{
					"name": "spikething",
					"origin": [14.375, 22.9375, -4.1875],
					"children": [16, 17, 18, 19]
				},
				{
					"name": "spikething",
					"origin": [14.375, 22.9375, -4.1875],
					"children": [20, 21, 22, 23]
				},
				{
					"name": "spikething",
					"origin": [14.375, 22.9375, -4.1875],
					"children": [24, 25, 26, 27]
				},
				{
					"name": "spikething",
					"origin": [14.375, 22.9375, -4.1875],
					"children": [28, 29, 30, 31]
				},
				{
					"name": "spikething",
					"origin": [14.375, 22.9375, -4.1875],
					"children": [32, 33, 34, 35]
				}, 36, 37, 38]
		},
		{
			"name": "gold",
			"origin": [8, 8, 8],
			"children": [
				{
					"name": "plate",
					"origin": [19.75, 32.5, 8],
					"children": [
						{
							"name": "bump",
							"origin": [19.75, 32.5, 8],
							"children": [39, 40, 41, 42, 43]
						},
						{
							"name": "bump",
							"origin": [19.75, 32.5, 8],
							"children": [44, 45, 46, 47,
								{
									"name": "bump",
									"origin": [19.75, 32.5, 8],
									"children": [48, 49, 50, 51,
										{
											"name": "bump",
											"origin": [19.75, 32.5, 8],
											"children": [52, 53, 54, 55]
										}
									]
								}
							]
						}
					]
				},
				{
					"name": "plate",
					"origin": [19.75, 32.5, 8],
					"children": [
						{
							"name": "bump",
							"origin": [19.75, 32.5, 8],
							"children": [56, 57, 58, 59, 60]
						},
						{
							"name": "bump",
							"origin": [19.75, 32.5, 8],
							"children": [61, 62, 63, 64,
								{
									"name": "bump",
									"origin": [19.75, 32.5, 8],
									"children": [65, 66, 67, 68,
										{
											"name": "bump",
											"origin": [19.75, 32.5, 8],
											"children": [69, 70, 71, 72]
										}
									]
								}
							]
						}
					]
				}
			]
		}
	]
}