{
 "parent": "item/handheld",
 "textures": {
  "layer0": "item/carrot_on_a_stick"
 },

 "overrides": [
  {"predicate": {"custom_model_data": 123456}, "model": "item/teleporter"},
  {"predicate": {"custom_model_data": 123458}, "model": "item/agcap"},
  {"predicate": {"custom_model_data": 123459}, "model": "item/tophat"},
  {"predicate": {"custom_model_data": 123460}, "model": "item/headset"},
  {"predicate": {"custom_model_data": 123463}, "model": "item/twophat"},
  {"predicate": {"custom_model_data": 123464}, "model": "item/toppatking"},
  {"predicate": {"custom_model_data": 123465}, "model": "item/swedehat"},
  {"predicate": {"custom_model_data": 123466}, "model": "item/elliehat"},
  {"predicate": {"custom_model_data": 123467}, "model": "item/hatkid"},
  {"predicate": {"custom_model_data": 123468}, "model": "item/macbeth"},
  {"predicate": {"custom_model_data": 123469}, "model": "item/macgun"},
  {"predicate": {"custom_model_data": 123470}, "model": "item/tco"},
  {"predicate": {"custom_model_data": 123471}, "model": "item/tcop"},
  {"predicate": {"custom_model_data": 123473}, "model": "item/rhmhat"},
  {"predicate": {"custom_model_data": 123475}, "model": "item/cygun"},
  {"predicate": {"custom_model_data": 123476}, "model": "item/tributehead"},
  {"predicate": {"custom_model_data": 123482}, "model": "item/bottledtime"},
  {"predicate": {"custom_model_data": 123483}, "model": "item/bottledtime_turnt"},
  {"predicate": {"custom_model_data": 123484}, "model": "item/rhmeye"},
  {"predicate": {"custom_model_data": 123485}, "model": "item/rhmstabbed"},
  {"predicate": {"custom_model_data": 123487}, "model": "item/rhmlaser"}
 ]

 
}