{
	"credit": "Made with Blockbench",
	"textures": {
		"0": "chez/cheeze",
		"1": "chez/chezhole",
		"particle": "chez/cheeze"
	},
	"elements": [
		{
			"from": [5, 1, 7],
			"to": [10, 2, 12],
			"rotation": {"angle": 0, "axis": "y", "origin": [13, 9, 19]},
			"faces": {
				"north": {"uv": [0, 0, 5, 1], "texture": "#0"},
				"east": {"uv": [0, 0, 5, 1], "texture": "#1"},
				"south": {"uv": [0, 0, 5, 1], "texture": "#0"},
				"west": {"uv": [0, 0, 5, 1], "texture": "#0"},
				"up": {"uv": [0, 0, 5, 5], "texture": "#1"},
				"down": {"uv": [0, 0, 5, 5], "texture": "#0"}
			}
		},
		{
			"from": [9, 0, 6],
			"to": [13, 1, 12],
			"rotation": {"angle": 0, "axis": "y", "origin": [17, 8, 12]},
			"faces": {
				"north": {"uv": [0, 0, 4, 1], "texture": "#0"},
				"east": {"uv": [0, 0, 6, 1], "texture": "#0"},
				"south": {"uv": [0, 0, 4, 1], "texture": "#0"},
				"west": {"uv": [0, 0, 6, 1], "texture": "#0"},
				"up": {"uv": [0, 0, 4, 6], "texture": "#1"},
				"down": {"uv": [0, 0, 4, 6], "texture": "#0"}
			}
		},
		{
			"from": [8, 2, 6],
			"to": [11, 3, 12],
			"rotation": {"angle": 0, "axis": "y", "origin": [22, 10, 14]},
			"faces": {
				"north": {"uv": [0, 0, 3, 1], "texture": "#0"},
				"east": {"uv": [0, 0, 6, 1], "texture": "#0"},
				"south": {"uv": [0, 0, 3, 1], "texture": "#0"},
				"west": {"uv": [0, 0, 6, 1], "texture": "#1"},
				"up": {"uv": [0, 0, 3, 6], "texture": "#0"},
				"down": {"uv": [0, 0, 3, 6], "texture": "#0"}
			}
		},
		{
			"from": [12, 3, 7],
			"to": [13, 4, 11],
			"rotation": {"angle": 0, "axis": "y", "origin": [20, 11, 18]},
			"faces": {
				"north": {"uv": [0, 0, 1, 1], "texture": "#1"},
				"east": {"uv": [0, 0, 4, 1], "texture": "#0"},
				"south": {"uv": [0, 0, 1, 1], "texture": "#0"},
				"west": {"uv": [0, 0, 4, 1], "texture": "#0"},
				"up": {"uv": [0, 0, 1, 4], "texture": "#0"},
				"down": {"uv": [0, 0, 1, 4], "texture": "#0"}
			}
		},
		{
			"from": [11, 2, 6],
			"to": [13, 3, 12],
			"rotation": {"angle": 0, "axis": "y", "origin": [19, 10, 16]},
			"faces": {
				"north": {"uv": [0, 0, 2, 1], "texture": "#0"},
				"east": {"uv": [0, 0, 6, 1], "texture": "#0"},
				"south": {"uv": [0, 0, 2, 1], "texture": "#0"},
				"west": {"uv": [0, 0, 6, 1], "texture": "#0"},
				"up": {"uv": [0, 0, 2, 6], "texture": "#1"},
				"down": {"uv": [0, 0, 2, 6], "texture": "#0"}
			}
		},
		{
			"from": [4, 2, 9],
			"to": [7, 3, 12],
			"rotation": {"angle": 0, "axis": "y", "origin": [13, 10, 16]},
			"faces": {
				"north": {"uv": [0, 0, 3, 1], "texture": "#1"},
				"east": {"uv": [0, 0, 3, 1], "texture": "#1"},
				"south": {"uv": [0, 0, 3, 1], "texture": "#0"},
				"west": {"uv": [0, 0, 3, 1], "texture": "#0"},
				"up": {"uv": [0, 0, 3, 3], "texture": "#0"},
				"down": {"uv": [0, 0, 3, 3], "texture": "#0"}
			}
		},
		{
			"from": [8, 3, 6],
			"to": [12, 4, 12],
			"rotation": {"angle": 0, "axis": "y", "origin": [16, 11, 19]},
			"faces": {
				"north": {"uv": [0, 0, 4, 1], "texture": "#0"},
				"east": {"uv": [0, 0, 6, 1], "texture": "#1"},
				"south": {"uv": [0, 0, 4, 1], "texture": "#0"},
				"west": {"uv": [0, 0, 6, 1], "texture": "#0"},
				"up": {"uv": [0, 0, 4, 6], "texture": "#0"},
				"down": {"uv": [0, 0, 4, 6], "texture": "#0"}
			}
		},
		{
			"from": [4, 3, 6],
			"to": [8, 4, 12],
			"rotation": {"angle": 0, "axis": "y", "origin": [14, 11, 14]},
			"faces": {
				"north": {"uv": [0, 0, 4, 1], "texture": "#0"},
				"east": {"uv": [0, 0, 6, 1], "texture": "#0"},
				"south": {"uv": [0, 0, 4, 1], "texture": "#0"},
				"west": {"uv": [0, 0, 6, 1], "texture": "#0"},
				"up": {"uv": [0, 0, 4, 6], "texture": "#0"},
				"down": {"uv": [0, 0, 4, 6], "texture": "#0"}
			}
		},
		{
			"from": [4, 4, 6],
			"to": [7.8125, 5, 12],
			"rotation": {"angle": 0, "axis": "y", "origin": [-1, 12, 0]},
			"faces": {
				"north": {"uv": [0, 0, 3.8125, 1], "texture": "#0"},
				"east": {"uv": [0, 0, 6, 1], "texture": "#0"},
				"south": {"uv": [0, 0, 3.8125, 1], "texture": "#0"},
				"west": {"uv": [0, 0, 6, 1], "texture": "#0"},
				"up": {"uv": [0, 0, 3.8125, 6], "rotation": 180, "texture": "#0"},
				"down": {"uv": [0, 0, 3.8125, 6], "rotation": 180, "texture": "#0"}
			}
		},
		{
			"from": [5, 5, 6],
			"to": [6.4375, 6, 12],
			"rotation": {"angle": 0, "axis": "y", "origin": [-1, 13, 0]},
			"faces": {
				"north": {"uv": [0, 0, 1.4375, 1], "texture": "#0"},
				"east": {"uv": [0, 0, 6, 1], "texture": "#0"},
				"south": {"uv": [0, 0, 1.4375, 1], "texture": "#0"},
				"west": {"uv": [0, 0, 6, 1], "texture": "#0"},
				"up": {"uv": [0, 0, 1.4375, 6], "rotation": 180, "texture": "#0"},
				"down": {"uv": [0, 0, 1.4375, 6], "rotation": 180, "texture": "#0"}
			}
		},
		{
			"from": [9, 4, 6],
			"to": [11.4375, 5, 12],
			"rotation": {"angle": 0, "axis": "y", "origin": [4, 12, 0]},
			"faces": {
				"north": {"uv": [0, 0, 2.4375, 1], "texture": "#0"},
				"east": {"uv": [0, 0, 6, 1], "texture": "#0"},
				"south": {"uv": [0, 0, 2.4375, 1], "texture": "#0"},
				"west": {"uv": [0, 0, 6, 1], "texture": "#0"},
				"up": {"uv": [0, 0, 2.4375, 6], "rotation": 180, "texture": "#0"},
				"down": {"uv": [0, 0, 2.4375, 6], "rotation": 180, "texture": "#0"}
			}
		},
		{
			"from": [4, 1, 6],
			"to": [10, 2, 7],
			"rotation": {"angle": 0, "axis": "y", "origin": [12, 9, 14]},
			"faces": {
				"north": {"uv": [0, 0, 6, 1], "texture": "#0"},
				"east": {"uv": [0, 0, 1, 1], "texture": "#1"},
				"south": {"uv": [0, 0, 6, 1], "texture": "#0"},
				"west": {"uv": [0, 0, 1, 1], "texture": "#0"},
				"up": {"uv": [0, 0, 6, 1], "texture": "#0"},
				"down": {"uv": [0, 0, 6, 1], "texture": "#0"}
			}
		},
		{
			"from": [11, 1, 9],
			"to": [12.25, 2, 12],
			"rotation": {"angle": 0, "axis": "y", "origin": [19, 9, 19]},
			"faces": {
				"north": {"uv": [0, 0, 1.25, 1], "texture": "#0"},
				"east": {"uv": [0, 0, 3, 1], "texture": "#1"},
				"south": {"uv": [0, 0, 1.25, 1], "texture": "#0"},
				"west": {"uv": [0, 0, 3, 1], "texture": "#0"},
				"up": {"uv": [0, 0, 1.25, 3], "texture": "#0"},
				"down": {"uv": [0, 0, 1.25, 3], "texture": "#0"}
			}
		},
		{
			"from": [11, 1, 6],
			"to": [12, 2, 8],
			"rotation": {"angle": 0, "axis": "y", "origin": [20, 9, 15]},
			"faces": {
				"north": {"uv": [0, 0, 1, 1], "texture": "#0"},
				"east": {"uv": [0, 0, 2, 1], "texture": "#1"},
				"south": {"uv": [0, 0, 1, 1], "texture": "#1"},
				"west": {"uv": [0, 0, 2, 1], "texture": "#0"},
				"up": {"uv": [0, 0, 1, 2], "texture": "#0"},
				"down": {"uv": [0, 0, 1, 2], "texture": "#0"}
			}
		},
		{
			"from": [12.25, 1, 9],
			"to": [13, 2, 11],
			"rotation": {"angle": 0, "axis": "y", "origin": [20, 9, 18]},
			"faces": {
				"north": {"uv": [0, 0, 1, 1], "texture": "#1"},
				"east": {"uv": [0, 0, 2, 1], "texture": "#0"},
				"south": {"uv": [0, 0, 1, 1], "texture": "#0"},
				"west": {"uv": [0, 0, 2, 1], "texture": "#0"},
				"up": {"uv": [0, 0, 1, 2], "texture": "#0"},
				"down": {"uv": [0, 0, 1, 2], "texture": "#0"}
			}
		},
		{
			"from": [4, 1, 9],
			"to": [5, 2, 11],
			"rotation": {"angle": 0, "axis": "y", "origin": [13, 9, 17]},
			"faces": {
				"north": {"uv": [0, 0, 1, 1], "texture": "#0"},
				"east": {"uv": [0, 0, 2, 1], "texture": "#0"},
				"south": {"uv": [0, 0, 1, 1], "texture": "#0"},
				"west": {"uv": [0, 0, 2, 1], "texture": "#0"},
				"up": {"uv": [0, 0, 1, 2], "texture": "#0"},
				"down": {"uv": [0, 0, 1, 2], "texture": "#0"}
			}
		},
		{
			"from": [5, 2, 6],
			"to": [7, 3, 8],
			"rotation": {"angle": 0, "axis": "y", "origin": [12, 10, 14]},
			"faces": {
				"north": {"uv": [0, 0, 2, 1], "texture": "#0"},
				"east": {"uv": [0, 0, 2, 1], "texture": "#0"},
				"south": {"uv": [0, 0, 2, 1], "texture": "#0"},
				"west": {"uv": [0, 0, 2, 1], "texture": "#0"},
				"up": {"uv": [0, 0, 2, 2], "texture": "#0"},
				"down": {"uv": [0, 0, 2, 2], "texture": "#0"}
			}
		},
		{
			"from": [3.875, 0, 6],
			"to": [8, 1, 12],
			"rotation": {"angle": 0, "axis": "y", "origin": [15, 8, 19]},
			"faces": {
				"north": {"uv": [0, 0, 4.125, 1], "texture": "#0"},
				"east": {"uv": [0, 0, 6, 1], "texture": "#0"},
				"south": {"uv": [0, 0, 4.125, 1], "texture": "#0"},
				"west": {"uv": [0, 0, 6, 1], "texture": "#0"},
				"up": {"uv": [0, 0, 4.125, 6], "texture": "#0"},
				"down": {"uv": [0, 0, 4.125, 6], "texture": "#0"}
			}
		},
		{
			"from": [8, 0, 6],
			"to": [9, 1, 10],
			"rotation": {"angle": 0, "axis": "y", "origin": [16, 8, 17]},
			"faces": {
				"north": {"uv": [0, 0, 1, 1], "texture": "#0"},
				"east": {"uv": [0, 0, 4, 1], "texture": "#0"},
				"south": {"uv": [0, 0, 1, 1], "texture": "#0"},
				"west": {"uv": [0, 0, 4, 1], "texture": "#0"},
				"up": {"uv": [0, 0, 1, 4], "texture": "#0"},
				"down": {"uv": [0, 0, 1, 4], "texture": "#0"}
			}
		},
		{
			"from": [8, 0, 11],
			"to": [9, 1, 12],
			"rotation": {"angle": 0, "axis": "y", "origin": [16, 8, 19]},
			"faces": {
				"north": {"uv": [0, 0, 1, 1], "texture": "#0"},
				"east": {"uv": [0, 0, 1, 1], "texture": "#0"},
				"south": {"uv": [0, 0, 1, 1], "texture": "#0"},
				"west": {"uv": [0, 0, 1, 1], "texture": "#0"},
				"up": {"uv": [0, 0, 1, 1], "texture": "#0"},
				"down": {"uv": [0, 0, 1, 1], "texture": "#0"}
			}
		}
	],
	"display": {
		"thirdperson_righthand": {
			"rotation": [-73.5, 36, -100.75],
			"translation": [1.25, -2.75, -0.75],
			"scale": [0.3, 0.3, 0.3]
		},
		"thirdperson_lefthand": {
			"rotation": [-73.5, 36, -100.75],
			"translation": [1.25, -2.25, -0.75],
			"scale": [0.3, 0.3, 0.3]
		},
		"firstperson_righthand": {
			"rotation": [0, -167, 0],
			"translation": [-0.25, 8.25, 2.25],
			"scale": [0.69, 0.69, 0.69]
		},
		"firstperson_lefthand": {
			"rotation": [0, 14.25, 0],
			"translation": [-0.5, 8.25, 0.75],
			"scale": [0.69, 0.69, 0.69]
		},
		"ground": {
			"translation": [0.25, 6.5, -0.25],
			"scale": [0.5, 0.5, 0.5]
		},
		"gui": {
			"rotation": [7, 45, 0],
			"translation": [-0.25, 4.5, 0]
		},
		"head": {
			"translation": [-0.75, 18.25, -2.25],
			"scale": [1.53578, 1.68813, 2.31]
		},
		"fixed": {
			"rotation": [0, 147, 0],
			"translation": [0, 5.75, -0.5]
		}
	},
	"groups": [
		{
			"name": "cheeze",
			"origin": [8, 8, 8],
			"children": [0, 1, 2, 3, 4, 5, 6, 7, 8, 9, 10, 11, 12, 13, 14, 15, 16, 17, 18, 19]
		}
	]
}