{
	"credit": "Made with Blockbench",
	"parent": "item/generated",
	"textures": {
		"layer0": "misc/cyber"
	},
	"display": {
		"thirdperson_righthand": {
			"scale": [0.7832, 0.7832, 0.7832]
		},
		"thirdperson_lefthand": {
			"scale": [0.7832, 0.7832, 0.7832]
		},
		"firstperson_righthand": {
			"rotation": [0, 150, 0],
			"translation": [0, 4.25, 1.25]
		},
		"firstperson_lefthand": {
			"rotation": [0, -50, 0],
			"translation": [-1.25, 5, 2.75]
		},
		"ground": {
			"translation": [0, 2.25, 0]
		},
		"gui": {
			"translation": [0.25, -1.25, 0],
			"scale": [1.16211, 1.16211, 1.16211]
		},
		"fixed": {
			"translation": [0, -1, 0],
			"scale": [1.46484, 1.46484, 1.46484]
		}
	}
}