{
	"credit": "Made with Blockbench",
	"textures": {
		"0": "misc/metallic2",
		"particle": "misc/metallic2"
	},
	"elements": [
		{
			"from": [13.0625, 10.5, 7],
			"to": [15, 11.5, 9],
			"rotation": {"angle": 0, "axis": "y", "origin": [0, 0, 0]},
			"faces": {
				"north": {"uv": [0, 0, 16, 16], "texture": "#0"},
				"east": {"uv": [0, 0, 16, 16], "texture": "#0"},
				"south": {"uv": [0, 0, 16, 16], "texture": "#0"},
				"west": {"uv": [0, 0, 16, 16], "texture": "#0"},
				"up": {"uv": [0, 0, 16, 16], "texture": "#0"},
				"down": {"uv": [0, 0, 16, 16], "texture": "#0"}
			}
		}
	],
	"display": {
		"thirdperson_righthand": {
			"rotation": [94.5, 0, 0],
			"translation": [-10.5, -1.5, -6],
			"scale": [1.73047, 1.73047, 1.73047]
		},
		"thirdperson_lefthand": {
			"rotation": [94.5, 0, 0],
			"translation": [6, -1.75, -3.5]
		},
		"firstperson_righthand": {
			"rotation": [150, 0, 0],
			"translation": [-8.5, 4.75, -3.5],
			"scale": [1.91, 1.91, 1.91]
		},
		"firstperson_lefthand": {
			"rotation": [150, -180, 0],
			"translation": [-8.5, 4.75, -3.5],
			"scale": [1.91, 1.91, 1.91]
		},
		"ground": {
			"translation": [-16.75, 9.75, 0],
			"scale": [2.24, 2.2, 2.2]
		},
		"gui": {
			"rotation": [0, 0, -180],
			"translation": [8.5, -1.5, 0],
			"scale": [1.42188, 1.42188, 1.42188]
		},
		"head": {
			"rotation": [-81.25, 0, 0],
			"translation": [-13.5, 0.75, -14],
			"scale": [1.6, 1.6, 1.6]
		},
		"fixed": {
			"translation": [-14.25, 0, 0],
			"scale": [2.52, 2.52, 2.52]
		}
	}
}