{
	"credit": "Made with Blockbench",
	"texture_size": [32, 32],
	"textures": {
		"6": "toppat/pink",
		"7": "toppat/flower",
		"particle": "toppat/that"
	},
	"elements": [
		{
			"from": [-4, -0.1875, -1.625],
			"to": [20, 1, 16.9375],
			"faces": {
				"north": {"uv": [0, 0, 12, 0.5], "texture": "#6"},
				"east": {"uv": [0, 0, 8.75, 0.5], "texture": "#6"},
				"south": {"uv": [0, 0, 12, 0.5], "texture": "#6"},
				"west": {"uv": [0, 0, 8.75, 0.5], "texture": "#6"},
				"up": {"uv": [0, 0, 16, 16], "texture": "#6"},
				"down": {"uv": [0, 0, 16, 15.75], "texture": "#6"}
			}
		},
		{
			"from": [2, 0.875, 2],
			"to": [14, 17.875, 13],
			"rotation": {"angle": 0, "axis": "y", "origin": [19, 9.875, 20]},
			"faces": {
				"north": {"uv": [0, 0, 16, 16], "texture": "#6"},
				"east": {"uv": [0, 0, 16, 16], "texture": "#6"},
				"south": {"uv": [0, 0, 16, 16], "texture": "#6"},
				"west": {"uv": [0, 0, 16, 16], "texture": "#6"},
				"up": {"uv": [0, 0, 16, 16], "texture": "#6"},
				"down": {"uv": [0, 0, 16, 16], "texture": "#6"}
			}
		},
		{
			"from": [11.625, 1.04688, 16.25],
			"to": [12.625, 3.04688, 17.25],
			"rotation": {"angle": 22.5, "axis": "y", "origin": [4.625, 9.04688, 24.25]},
			"faces": {
				"north": {"uv": [0, 0, 15.5, 16], "texture": "#7"},
				"east": {"uv": [0, 0, 15.5, 16], "texture": "#7"},
				"south": {"uv": [0, 0, 16, 16], "texture": "#7"},
				"west": {"uv": [0, 0, 16, 16], "texture": "#7"},
				"up": {"uv": [0, 0, 16, 16], "rotation": 90, "texture": "#7"},
				"down": {"uv": [0, 0, 0.5, 0.5], "rotation": 270, "texture": "#7"}
			}
		},
		{
			"from": [9.875, 1.04688, 10],
			"to": [10.875, 3.04688, 11],
			"rotation": {"angle": 22.5, "axis": "y", "origin": [17.875, 9.04688, 18]},
			"faces": {
				"north": {"uv": [0, 0, 15.5, 16], "texture": "#7"},
				"east": {"uv": [0, 0, 15.5, 16], "texture": "#7"},
				"south": {"uv": [0, 0, 16, 16], "texture": "#7"},
				"west": {"uv": [0, 0, 16, 16], "texture": "#7"},
				"up": {"uv": [0, 0, 16, 16], "texture": "#7"},
				"down": {"uv": [0, 0, 0.5, 0.5], "texture": "#7"}
			}
		},
		{
			"from": [8.5, 1.04688, 13],
			"to": [9.5, 3.04688, 14],
			"rotation": {"angle": 0, "axis": "y", "origin": [16.5, 9.04688, 21]},
			"faces": {
				"north": {"uv": [0, 0, 15.5, 16], "texture": "#7"},
				"east": {"uv": [0, 0, 15.5, 16], "texture": "#7"},
				"south": {"uv": [0, 0, 16, 16], "texture": "#7"},
				"west": {"uv": [0, 0, 16, 16], "texture": "#7"},
				"up": {"uv": [0, 0, 16, 16], "texture": "#7"},
				"down": {"uv": [0, 0, 0.5, 0.5], "texture": "#7"}
			}
		},
		{
			"from": [5.8125, 1.125, -1.8125],
			"to": [6.8125, 3.125, -0.8125],
			"rotation": {"angle": -22.5, "axis": "y", "origin": [-1.1875, -4.875, -8.8125]},
			"faces": {
				"north": {"uv": [0, 0, 16, 16], "rotation": 180, "texture": "#7"},
				"east": {"uv": [0, 0, 15.5, 16], "rotation": 180, "texture": "#7"},
				"south": {"uv": [0, 0, 0.5, 1], "rotation": 180, "texture": "#7"},
				"west": {"uv": [0, 0, 16, 16], "rotation": 180, "texture": "#7"},
				"up": {"uv": [0, 0, 16, 16], "rotation": 270, "texture": "#7"},
				"down": {"uv": [0, 0, 16, 16], "rotation": 90, "texture": "#7"}
			}
		},
		{
			"from": [4.0625, 1.125, 4.4375],
			"to": [5.0625, 3.125, 5.4375],
			"rotation": {"angle": -22.5, "axis": "y", "origin": [12.0625, -4.875, -2.5625]},
			"faces": {
				"north": {"uv": [0, 0, 16, 16], "rotation": 180, "texture": "#7"},
				"east": {"uv": [0, 0, 15.5, 16], "rotation": 180, "texture": "#7"},
				"south": {"uv": [0, 0, 16, 16], "rotation": 180, "texture": "#7"},
				"west": {"uv": [0, 0, 16, 16], "rotation": 180, "texture": "#7"},
				"up": {"uv": [0, 0, 16, 16], "texture": "#7"},
				"down": {"uv": [0, 0, 16, 16], "texture": "#7"}
			}
		},
		{
			"from": [2.6875, 1.125, 1.4375],
			"to": [3.6875, 3.125, 2.4375],
			"rotation": {"angle": 0, "axis": "y", "origin": [10.6875, -4.875, -5.5625]},
			"faces": {
				"north": {"uv": [0, 0, 16, 16], "rotation": 180, "texture": "#7"},
				"east": {"uv": [0, 0, 15.5, 16], "rotation": 180, "texture": "#7"},
				"south": {"uv": [0, 0, 16, 16], "rotation": 180, "texture": "#7"},
				"west": {"uv": [0, 0, 16, 16], "rotation": 180, "texture": "#7"},
				"up": {"uv": [0, 0, 16, 16], "texture": "#7"},
				"down": {"uv": [0, 0, 16, 16], "texture": "#7"}
			}
		},
		{
			"from": [16.625, 1.125, -2],
			"to": [17.625, 3.125, -1],
			"rotation": {"angle": -22.5, "axis": "y", "origin": [9.625, -4.875, -9]},
			"faces": {
				"north": {"uv": [0, 0, 16, 16], "rotation": 180, "texture": "#7"},
				"east": {"uv": [0, 0, 15.5, 16], "rotation": 180, "texture": "#7"},
				"south": {"uv": [0, 0, 0.5, 1], "rotation": 180, "texture": "#7"},
				"west": {"uv": [0, 0, 16, 16], "rotation": 180, "texture": "#7"},
				"up": {"uv": [0, 0, 16, 16], "rotation": 270, "texture": "#7"},
				"down": {"uv": [0, 0, 16, 16], "rotation": 90, "texture": "#7"}
			}
		},
		{
			"from": [14.875, 1.125, 4.25],
			"to": [15.875, 3.125, 5.25],
			"rotation": {"angle": -22.5, "axis": "y", "origin": [22.875, -4.875, -2.75]},
			"faces": {
				"north": {"uv": [0, 0, 16, 16], "rotation": 180, "texture": "#7"},
				"east": {"uv": [0, 0, 15.5, 16], "rotation": 180, "texture": "#7"},
				"south": {"uv": [0, 0, 16, 16], "rotation": 180, "texture": "#7"},
				"west": {"uv": [0, 0, 16, 16], "rotation": 180, "texture": "#7"},
				"up": {"uv": [0, 0, 16, 16], "texture": "#7"},
				"down": {"uv": [0, 0, 16, 16], "texture": "#7"}
			}
		},
		{
			"from": [13.5, 1.125, 1.25],
			"to": [14.5, 3.125, 2.25],
			"rotation": {"angle": 0, "axis": "y", "origin": [21.5, -4.875, -5.75]},
			"faces": {
				"north": {"uv": [0, 0, 16, 16], "rotation": 180, "texture": "#7"},
				"east": {"uv": [0, 0, 15.5, 16], "rotation": 180, "texture": "#7"},
				"south": {"uv": [0, 0, 16, 16], "rotation": 180, "texture": "#7"},
				"west": {"uv": [0, 0, 16, 16], "rotation": 180, "texture": "#7"},
				"up": {"uv": [0, 0, 16, 16], "texture": "#7"},
				"down": {"uv": [0, 0, 16, 16], "texture": "#7"}
			}
		},
		{
			"from": [18.1875, 1.125, -1.5625],
			"to": [19.1875, 3.125, -0.5625],
			"rotation": {"angle": -22.5, "axis": "y", "origin": [11.1875, -4.875, -8.5625]},
			"faces": {
				"north": {"uv": [0, 0, 16, 16], "rotation": 180, "texture": "#7"},
				"east": {"uv": [0, 0, 15.5, 16], "rotation": 180, "texture": "#7"},
				"south": {"uv": [0, 0, 0.5, 1], "rotation": 180, "texture": "#7"},
				"west": {"uv": [0, 0, 16, 16], "rotation": 180, "texture": "#7"},
				"up": {"uv": [0, 0, 16, 16], "rotation": 270, "texture": "#7"},
				"down": {"uv": [0, 0, 16, 16], "rotation": 90, "texture": "#7"}
			}
		},
		{
			"from": [16.4375, 1.125, 4.6875],
			"to": [17.4375, 3.125, 5.6875],
			"rotation": {"angle": -22.5, "axis": "y", "origin": [24.4375, -4.875, -2.3125]},
			"faces": {
				"north": {"uv": [0, 0, 16, 16], "rotation": 180, "texture": "#7"},
				"east": {"uv": [0, 0, 15.5, 16], "rotation": 180, "texture": "#7"},
				"south": {"uv": [0, 0, 16, 16], "rotation": 180, "texture": "#7"},
				"west": {"uv": [0, 0, 16, 16], "rotation": 180, "texture": "#7"},
				"up": {"uv": [0, 0, 16, 16], "texture": "#7"},
				"down": {"uv": [0, 0, 16, 16], "texture": "#7"}
			}
		},
		{
			"from": [15.0625, 1.125, 1.6875],
			"to": [16.0625, 3.125, 2.6875],
			"rotation": {"angle": 0, "axis": "y", "origin": [23.0625, -4.875, -5.3125]},
			"faces": {
				"north": {"uv": [0, 0, 16, 16], "rotation": 180, "texture": "#7"},
				"east": {"uv": [0, 0, 15.5, 16], "rotation": 180, "texture": "#7"},
				"south": {"uv": [0, 0, 16, 16], "rotation": 180, "texture": "#7"},
				"west": {"uv": [0, 0, 16, 16], "rotation": 180, "texture": "#7"},
				"up": {"uv": [0, 0, 16, 16], "texture": "#7"},
				"down": {"uv": [0, 0, 16, 16], "texture": "#7"}
			}
		},
		{
			"from": [18.1875, 1.125, 0.75],
			"to": [19.1875, 3.125, 1.75],
			"rotation": {"angle": -22.5, "axis": "y", "origin": [11.1875, -4.875, -6.25]},
			"faces": {
				"north": {"uv": [0, 0, 16, 16], "rotation": 180, "texture": "#7"},
				"east": {"uv": [0, 0, 15.5, 16], "rotation": 180, "texture": "#7"},
				"south": {"uv": [0, 0, 0.5, 1], "rotation": 180, "texture": "#7"},
				"west": {"uv": [0, 0, 16, 16], "rotation": 180, "texture": "#7"},
				"up": {"uv": [0, 0, 16, 16], "rotation": 270, "texture": "#7"},
				"down": {"uv": [0, 0, 16, 16], "rotation": 90, "texture": "#7"}
			}
		},
		{
			"from": [16.4375, 1.125, 7],
			"to": [17.4375, 3.125, 8],
			"rotation": {"angle": -22.5, "axis": "y", "origin": [24.4375, -4.875, 0]},
			"faces": {
				"north": {"uv": [0, 0, 16, 16], "rotation": 180, "texture": "#7"},
				"east": {"uv": [0, 0, 15.5, 16], "rotation": 180, "texture": "#7"},
				"south": {"uv": [0, 0, 16, 16], "rotation": 180, "texture": "#7"},
				"west": {"uv": [0, 0, 16, 16], "rotation": 180, "texture": "#7"},
				"up": {"uv": [0, 0, 16, 16], "texture": "#7"},
				"down": {"uv": [0, 0, 16, 16], "texture": "#7"}
			}
		},
		{
			"from": [15.0625, 1.125, 4],
			"to": [16.0625, 3.125, 5],
			"rotation": {"angle": 0, "axis": "y", "origin": [23.0625, -4.875, -3]},
			"faces": {
				"north": {"uv": [0, 0, 16, 16], "rotation": 180, "texture": "#7"},
				"east": {"uv": [0, 0, 15.5, 16], "rotation": 180, "texture": "#7"},
				"south": {"uv": [0, 0, 16, 16], "rotation": 180, "texture": "#7"},
				"west": {"uv": [0, 0, 16, 16], "rotation": 180, "texture": "#7"},
				"up": {"uv": [0, 0, 16, 16], "texture": "#7"},
				"down": {"uv": [0, 0, 16, 16], "texture": "#7"}
			}
		},
		{
			"from": [18.25, 1.0625, 8.3125],
			"to": [19.25, 3.0625, 9.3125],
			"rotation": {"angle": 22.5, "axis": "y", "origin": [11.25, 9.0625, 16.3125]},
			"faces": {
				"north": {"uv": [0, 0, 0.5, 1], "texture": "#7"},
				"east": {"uv": [0, 0, 15.5, 16], "texture": "#7"},
				"south": {"uv": [0, 0, 16, 16], "texture": "#7"},
				"west": {"uv": [0, 0, 16, 16], "texture": "#7"},
				"up": {"uv": [0, 0, 16, 16], "rotation": 90, "texture": "#7"},
				"down": {"uv": [0, 0, 0.5, 0.5], "rotation": 270, "texture": "#7"}
			}
		},
		{
			"from": [16.5, 1.0625, 2.0625],
			"to": [17.5, 3.0625, 3.0625],
			"rotation": {"angle": 22.5, "axis": "y", "origin": [24.5, 9.0625, 10.0625]},
			"faces": {
				"north": {"uv": [0, 0, 16, 16], "texture": "#7"},
				"east": {"uv": [0, 0, 15.5, 16], "texture": "#7"},
				"south": {"uv": [0, 0, 16, 16], "texture": "#7"},
				"west": {"uv": [0, 0, 16, 16], "texture": "#7"},
				"up": {"uv": [0, 0, 16, 16], "texture": "#7"},
				"down": {"uv": [0, 0, 0.5, 0.5], "texture": "#7"}
			}
		},
		{
			"from": [15.125, 1.0625, 5.0625],
			"to": [16.125, 3.0625, 6.0625],
			"rotation": {"angle": 0, "axis": "y", "origin": [23.125, 9.0625, 13.0625]},
			"faces": {
				"north": {"uv": [0, 0, 16, 16], "texture": "#7"},
				"east": {"uv": [0, 0, 15.5, 16], "texture": "#7"},
				"south": {"uv": [0, 0, 16, 16], "texture": "#7"},
				"west": {"uv": [0, 0, 16, 16], "texture": "#7"},
				"up": {"uv": [0, 0, 16, 16], "texture": "#7"},
				"down": {"uv": [0, 0, 0.5, 0.5], "texture": "#7"}
			}
		},
		{
			"from": [18.25, 1.0625, 10.375],
			"to": [19.25, 3.0625, 11.375],
			"rotation": {"angle": 22.5, "axis": "y", "origin": [11.25, 9.0625, 18.375]},
			"faces": {
				"north": {"uv": [0, 0, 0.5, 1], "texture": "#7"},
				"east": {"uv": [0, 0, 15.5, 16], "texture": "#7"},
				"south": {"uv": [0, 0, 16, 16], "texture": "#7"},
				"west": {"uv": [0, 0, 16, 16], "texture": "#7"},
				"up": {"uv": [0, 0, 16, 16], "rotation": 90, "texture": "#7"},
				"down": {"uv": [0, 0, 0.5, 0.5], "rotation": 270, "texture": "#7"}
			}
		},
		{
			"from": [16.5, 1.0625, 4.125],
			"to": [17.5, 3.0625, 5.125],
			"rotation": {"angle": 22.5, "axis": "y", "origin": [24.5, 9.0625, 12.125]},
			"faces": {
				"north": {"uv": [0, 0, 16, 16], "texture": "#7"},
				"east": {"uv": [0, 0, 15.5, 16], "texture": "#7"},
				"south": {"uv": [0, 0, 16, 16], "texture": "#7"},
				"west": {"uv": [0, 0, 16, 16], "texture": "#7"},
				"up": {"uv": [0, 0, 16, 16], "texture": "#7"},
				"down": {"uv": [0, 0, 0.5, 0.5], "texture": "#7"}
			}
		},
		{
			"from": [15.125, 1.0625, 7.125],
			"to": [16.125, 3.0625, 8.125],
			"rotation": {"angle": 0, "axis": "y", "origin": [23.125, 9.0625, 15.125]},
			"faces": {
				"north": {"uv": [0, 0, 16, 16], "texture": "#7"},
				"east": {"uv": [0, 0, 15.5, 16], "texture": "#7"},
				"south": {"uv": [0, 0, 16, 16], "texture": "#7"},
				"west": {"uv": [0, 0, 16, 16], "texture": "#7"},
				"up": {"uv": [0, 0, 16, 16], "texture": "#7"},
				"down": {"uv": [0, 0, 0.5, 0.5], "texture": "#7"}
			}
		},
		{
			"from": [18.25, 1.0625, 12.375],
			"to": [19.25, 3.0625, 13.375],
			"rotation": {"angle": 22.5, "axis": "y", "origin": [11.25, 9.0625, 20.375]},
			"faces": {
				"north": {"uv": [0, 0, 0.5, 1], "texture": "#7"},
				"east": {"uv": [0, 0, 15.5, 16], "texture": "#7"},
				"south": {"uv": [0, 0, 16, 16], "texture": "#7"},
				"west": {"uv": [0, 0, 16, 16], "texture": "#7"},
				"up": {"uv": [0, 0, 16, 16], "rotation": 90, "texture": "#7"},
				"down": {"uv": [0, 0, 0.5, 0.5], "rotation": 270, "texture": "#7"}
			}
		},
		{
			"from": [16.5, 1.0625, 6.125],
			"to": [17.5, 3.0625, 7.125],
			"rotation": {"angle": 22.5, "axis": "y", "origin": [24.5, 9.0625, 14.125]},
			"faces": {
				"north": {"uv": [0, 0, 16, 16], "texture": "#7"},
				"east": {"uv": [0, 0, 15.5, 16], "texture": "#7"},
				"south": {"uv": [0, 0, 16, 16], "texture": "#7"},
				"west": {"uv": [0, 0, 16, 16], "texture": "#7"},
				"up": {"uv": [0, 0, 16, 16], "texture": "#7"},
				"down": {"uv": [0, 0, 0.5, 0.5], "texture": "#7"}
			}
		},
		{
			"from": [15.125, 1.0625, 9.125],
			"to": [16.125, 3.0625, 10.125],
			"rotation": {"angle": 0, "axis": "y", "origin": [23.125, 9.0625, 17.125]},
			"faces": {
				"north": {"uv": [0, 0, 16, 16], "texture": "#7"},
				"east": {"uv": [0, 0, 15.5, 16], "texture": "#7"},
				"south": {"uv": [0, 0, 16, 16], "texture": "#7"},
				"west": {"uv": [0, 0, 16, 16], "texture": "#7"},
				"up": {"uv": [0, 0, 16, 16], "texture": "#7"},
				"down": {"uv": [0, 0, 0.5, 0.5], "texture": "#7"}
			}
		},
		{
			"from": [18.3125, 1.0625, 14.4375],
			"to": [19.3125, 3.0625, 15.4375],
			"rotation": {"angle": 22.5, "axis": "y", "origin": [11.3125, 9.0625, 22.4375]},
			"faces": {
				"north": {"uv": [0, 0, 0.5, 1], "texture": "#7"},
				"east": {"uv": [0, 0, 15.5, 16], "texture": "#7"},
				"south": {"uv": [0, 0, 16, 16], "texture": "#7"},
				"west": {"uv": [0, 0, 16, 16], "texture": "#7"},
				"up": {"uv": [0, 0, 16, 16], "rotation": 90, "texture": "#7"},
				"down": {"uv": [0, 0, 0.5, 0.5], "rotation": 270, "texture": "#7"}
			}
		},
		{
			"from": [16.5625, 1.0625, 8.1875],
			"to": [17.5625, 3.0625, 9.1875],
			"rotation": {"angle": 22.5, "axis": "y", "origin": [24.5625, 9.0625, 16.1875]},
			"faces": {
				"north": {"uv": [0, 0, 16, 16], "texture": "#7"},
				"east": {"uv": [0, 0, 15.5, 16], "texture": "#7"},
				"south": {"uv": [0, 0, 16, 16], "texture": "#7"},
				"west": {"uv": [0, 0, 16, 16], "texture": "#7"},
				"up": {"uv": [0, 0, 16, 16], "texture": "#7"},
				"down": {"uv": [0, 0, 0.5, 0.5], "texture": "#7"}
			}
		},
		{
			"from": [15.1875, 1.0625, 11.1875],
			"to": [16.1875, 3.0625, 12.1875],
			"rotation": {"angle": 0, "axis": "y", "origin": [23.1875, 9.0625, 19.1875]},
			"faces": {
				"north": {"uv": [0, 0, 16, 16], "texture": "#7"},
				"east": {"uv": [0, 0, 15.5, 16], "texture": "#7"},
				"south": {"uv": [0, 0, 16, 16], "texture": "#7"},
				"west": {"uv": [0, 0, 16, 16], "texture": "#7"},
				"up": {"uv": [0, 0, 16, 16], "texture": "#7"},
				"down": {"uv": [0, 0, 0.5, 0.5], "texture": "#7"}
			}
		},
		{
			"from": [17.0625, 1.0625, 16.1875],
			"to": [18.0625, 3.0625, 17.1875],
			"rotation": {"angle": 22.5, "axis": "y", "origin": [10.0625, 9.0625, 24.1875]},
			"faces": {
				"north": {"uv": [0, 0, 0.5, 1], "texture": "#7"},
				"east": {"uv": [0, 0, 15.5, 16], "texture": "#7"},
				"south": {"uv": [0, 0, 16, 16], "texture": "#7"},
				"west": {"uv": [0, 0, 16, 16], "texture": "#7"},
				"up": {"uv": [0, 0, 16, 16], "rotation": 90, "texture": "#7"},
				"down": {"uv": [0, 0, 0.5, 0.5], "rotation": 270, "texture": "#7"}
			}
		},
		{
			"from": [15.3125, 1.0625, 9.9375],
			"to": [16.3125, 3.0625, 10.9375],
			"rotation": {"angle": 22.5, "axis": "y", "origin": [23.3125, 9.0625, 17.9375]},
			"faces": {
				"north": {"uv": [0, 0, 16, 16], "texture": "#7"},
				"east": {"uv": [0, 0, 15.5, 16], "texture": "#7"},
				"south": {"uv": [0, 0, 16, 16], "texture": "#7"},
				"west": {"uv": [0, 0, 16, 16], "texture": "#7"},
				"up": {"uv": [0, 0, 16, 16], "texture": "#7"},
				"down": {"uv": [0, 0, 0.5, 0.5], "texture": "#7"}
			}
		},
		{
			"from": [13.9375, 1.0625, 12.9375],
			"to": [14.9375, 3.0625, 13.9375],
			"rotation": {"angle": 0, "axis": "y", "origin": [21.9375, 9.0625, 20.9375]},
			"faces": {
				"north": {"uv": [0, 0, 16, 16], "texture": "#7"},
				"east": {"uv": [0, 0, 15.5, 16], "texture": "#7"},
				"south": {"uv": [0, 0, 16, 16], "texture": "#7"},
				"west": {"uv": [0, 0, 16, 16], "texture": "#7"},
				"up": {"uv": [0, 0, 16, 16], "texture": "#7"},
				"down": {"uv": [0, 0, 0.5, 0.5], "texture": "#7"}
			}
		},
		{
			"from": [15.25, 1.0625, 16.25],
			"to": [16.25, 3.0625, 17.25],
			"rotation": {"angle": 22.5, "axis": "y", "origin": [8.25, 9.0625, 24.25]},
			"faces": {
				"north": {"uv": [0, 0, 0.5, 1], "texture": "#7"},
				"east": {"uv": [0, 0, 15.5, 16], "texture": "#7"},
				"south": {"uv": [0, 0, 16, 16], "texture": "#7"},
				"west": {"uv": [0, 0, 16, 16], "texture": "#7"},
				"up": {"uv": [0, 0, 16, 16], "rotation": 90, "texture": "#7"},
				"down": {"uv": [0, 0, 0.5, 0.5], "rotation": 270, "texture": "#7"}
			}
		},
		{
			"from": [13.5, 1.0625, 10],
			"to": [14.5, 3.0625, 11],
			"rotation": {"angle": 22.5, "axis": "y", "origin": [21.5, 9.0625, 18]},
			"faces": {
				"north": {"uv": [0, 0, 16, 16], "texture": "#7"},
				"east": {"uv": [0, 0, 15.5, 16], "texture": "#7"},
				"south": {"uv": [0, 0, 16, 16], "texture": "#7"},
				"west": {"uv": [0, 0, 16, 16], "texture": "#7"},
				"up": {"uv": [0, 0, 16, 16], "texture": "#7"},
				"down": {"uv": [0, 0, 0.5, 0.5], "texture": "#7"}
			}
		},
		{
			"from": [12.125, 1.0625, 13],
			"to": [13.125, 3.0625, 14],
			"rotation": {"angle": 0, "axis": "y", "origin": [20.125, 9.0625, 21]},
			"faces": {
				"north": {"uv": [0, 0, 16, 16], "texture": "#7"},
				"east": {"uv": [0, 0, 15.5, 16], "texture": "#7"},
				"south": {"uv": [0, 0, 16, 16], "texture": "#7"},
				"west": {"uv": [0, 0, 16, 16], "texture": "#7"},
				"up": {"uv": [0, 0, 16, 16], "texture": "#7"},
				"down": {"uv": [0, 0, 0.5, 0.5], "texture": "#7"}
			}
		},
		{
			"from": [13.4375, 1.0625, 16.25],
			"to": [14.4375, 3.0625, 17.25],
			"rotation": {"angle": 22.5, "axis": "y", "origin": [6.4375, 9.0625, 24.25]},
			"faces": {
				"north": {"uv": [0, 0, 0.5, 1], "texture": "#7"},
				"east": {"uv": [0, 0, 15.5, 16], "texture": "#7"},
				"south": {"uv": [0, 0, 16, 16], "texture": "#7"},
				"west": {"uv": [0, 0, 16, 16], "texture": "#7"},
				"up": {"uv": [0, 0, 16, 16], "rotation": 90, "texture": "#7"},
				"down": {"uv": [0, 0, 0.5, 0.5], "rotation": 270, "texture": "#7"}
			}
		},
		{
			"from": [11.6875, 1.0625, 10],
			"to": [12.6875, 3.0625, 11],
			"rotation": {"angle": 22.5, "axis": "y", "origin": [19.6875, 9.0625, 18]},
			"faces": {
				"north": {"uv": [0, 0, 16, 16], "texture": "#7"},
				"east": {"uv": [0, 0, 15.5, 16], "texture": "#7"},
				"south": {"uv": [0, 0, 16, 16], "texture": "#7"},
				"west": {"uv": [0, 0, 16, 16], "texture": "#7"},
				"up": {"uv": [0, 0, 16, 16], "texture": "#7"},
				"down": {"uv": [0, 0, 0.5, 0.5], "texture": "#7"}
			}
		},
		{
			"from": [10.3125, 1.0625, 13],
			"to": [11.3125, 3.0625, 14],
			"rotation": {"angle": 0, "axis": "y", "origin": [18.3125, 9.0625, 21]},
			"faces": {
				"north": {"uv": [0, 0, 16, 16], "texture": "#7"},
				"east": {"uv": [0, 0, 15.5, 16], "texture": "#7"},
				"south": {"uv": [0, 0, 16, 16], "texture": "#7"},
				"west": {"uv": [0, 0, 16, 16], "texture": "#7"},
				"up": {"uv": [0, 0, 16, 16], "texture": "#7"},
				"down": {"uv": [0, 0, 0.5, 0.5], "texture": "#7"}
			}
		},
		{
			"from": [3.9375, 1.0625, 8],
			"to": [4.9375, 3.0625, 9],
			"rotation": {"angle": 22.5, "axis": "y", "origin": [-3.0625, 9.0625, 16]},
			"faces": {
				"north": {"uv": [0, 0, 0.5, 1], "texture": "#7"},
				"east": {"uv": [0, 0, 15.5, 16], "texture": "#7"},
				"south": {"uv": [0, 0, 16, 16], "texture": "#7"},
				"west": {"uv": [0, 0, 16, 16], "texture": "#7"},
				"up": {"uv": [0, 0, 16, 16], "rotation": 90, "texture": "#7"},
				"down": {"uv": [0, 0, 0.5, 0.5], "rotation": 270, "texture": "#7"}
			}
		},
		{
			"from": [2.1875, 1.0625, 1.75],
			"to": [3.1875, 3.0625, 2.75],
			"rotation": {"angle": 22.5, "axis": "y", "origin": [10.1875, 9.0625, 9.75]},
			"faces": {
				"north": {"uv": [0, 0, 16, 16], "texture": "#7"},
				"east": {"uv": [0, 0, 15.5, 16], "texture": "#7"},
				"south": {"uv": [0, 0, 16, 16], "texture": "#7"},
				"west": {"uv": [0, 0, 16, 16], "texture": "#7"},
				"up": {"uv": [0, 0, 16, 16], "texture": "#7"},
				"down": {"uv": [0, 0, 0.5, 0.5], "texture": "#7"}
			}
		},
		{
			"from": [0.8125, 1.0625, 4.75],
			"to": [1.8125, 3.0625, 5.75],
			"rotation": {"angle": 0, "axis": "y", "origin": [8.8125, 9.0625, 12.75]},
			"faces": {
				"north": {"uv": [0, 0, 16, 16], "texture": "#7"},
				"east": {"uv": [0, 0, 15.5, 16], "texture": "#7"},
				"south": {"uv": [0, 0, 16, 16], "texture": "#7"},
				"west": {"uv": [0, 0, 16, 16], "texture": "#7"},
				"up": {"uv": [0, 0, 16, 16], "texture": "#7"},
				"down": {"uv": [0, 0, 0.5, 0.5], "texture": "#7"}
			}
		},
		{
			"from": [3.9375, 1.0625, 4.1875],
			"to": [4.9375, 3.0625, 5.1875],
			"rotation": {"angle": 22.5, "axis": "y", "origin": [-3.0625, 9.0625, 12.1875]},
			"faces": {
				"north": {"uv": [0, 0, 0.5, 1], "texture": "#7"},
				"east": {"uv": [0, 0, 15.5, 16], "texture": "#7"},
				"south": {"uv": [0, 0, 16, 16], "texture": "#7"},
				"west": {"uv": [0, 0, 16, 16], "texture": "#7"},
				"up": {"uv": [0, 0, 16, 16], "rotation": 90, "texture": "#7"},
				"down": {"uv": [0, 0, 0.5, 0.5], "rotation": 270, "texture": "#7"}
			}
		},
		{
			"from": [2.1875, 1.0625, -2.0625],
			"to": [3.1875, 3.0625, -1.0625],
			"rotation": {"angle": 22.5, "axis": "y", "origin": [10.1875, 9.0625, 5.9375]},
			"faces": {
				"north": {"uv": [0, 0, 16, 16], "texture": "#7"},
				"east": {"uv": [0, 0, 15.5, 16], "texture": "#7"},
				"south": {"uv": [0, 0, 16, 16], "texture": "#7"},
				"west": {"uv": [0, 0, 16, 16], "texture": "#7"},
				"up": {"uv": [0, 0, 16, 16], "texture": "#7"},
				"down": {"uv": [0, 0, 0.5, 0.5], "texture": "#7"}
			}
		},
		{
			"from": [0.8125, 1.0625, 0.9375],
			"to": [1.8125, 3.0625, 1.9375],
			"rotation": {"angle": 0, "axis": "y", "origin": [8.8125, 9.0625, 8.9375]},
			"faces": {
				"north": {"uv": [0, 0, 16, 16], "texture": "#7"},
				"east": {"uv": [0, 0, 15.5, 16], "texture": "#7"},
				"south": {"uv": [0, 0, 16, 16], "texture": "#7"},
				"west": {"uv": [0, 0, 16, 16], "texture": "#7"},
				"up": {"uv": [0, 0, 16, 16], "texture": "#7"},
				"down": {"uv": [0, 0, 0.5, 0.5], "texture": "#7"}
			}
		},
		{
			"from": [3.9375, 1.0625, 6],
			"to": [4.9375, 3.0625, 7],
			"rotation": {"angle": 22.5, "axis": "y", "origin": [-3.0625, 9.0625, 14]},
			"faces": {
				"north": {"uv": [0, 0, 0.5, 1], "texture": "#7"},
				"east": {"uv": [0, 0, 15.5, 16], "texture": "#7"},
				"south": {"uv": [0, 0, 16, 16], "texture": "#7"},
				"west": {"uv": [0, 0, 16, 16], "texture": "#7"},
				"up": {"uv": [0, 0, 16, 16], "rotation": 90, "texture": "#7"},
				"down": {"uv": [0, 0, 0.5, 0.5], "rotation": 270, "texture": "#7"}
			}
		},
		{
			"from": [2.1875, 1.0625, -0.25],
			"to": [3.1875, 3.0625, 0.75],
			"rotation": {"angle": 22.5, "axis": "y", "origin": [10.1875, 9.0625, 7.75]},
			"faces": {
				"north": {"uv": [0, 0, 16, 16], "texture": "#7"},
				"east": {"uv": [0, 0, 15.5, 16], "texture": "#7"},
				"south": {"uv": [0, 0, 16, 16], "texture": "#7"},
				"west": {"uv": [0, 0, 16, 16], "texture": "#7"},
				"up": {"uv": [0, 0, 16, 16], "texture": "#7"},
				"down": {"uv": [0, 0, 0.5, 0.5], "texture": "#7"}
			}
		},
		{
			"from": [0.8125, 1.0625, 2.75],
			"to": [1.8125, 3.0625, 3.75],
			"rotation": {"angle": 0, "axis": "y", "origin": [8.8125, 9.0625, 10.75]},
			"faces": {
				"north": {"uv": [0, 0, 16, 16], "texture": "#7"},
				"east": {"uv": [0, 0, 15.5, 16], "texture": "#7"},
				"south": {"uv": [0, 0, 16, 16], "texture": "#7"},
				"west": {"uv": [0, 0, 16, 16], "texture": "#7"},
				"up": {"uv": [0, 0, 16, 16], "texture": "#7"},
				"down": {"uv": [0, 0, 0.5, 0.5], "texture": "#7"}
			}
		},
		{
			"from": [3.9375, 1.0625, 9.875],
			"to": [4.9375, 3.0625, 10.875],
			"rotation": {"angle": 22.5, "axis": "y", "origin": [-3.0625, 9.0625, 17.875]},
			"faces": {
				"north": {"uv": [0, 0, 0.5, 1], "texture": "#7"},
				"east": {"uv": [0, 0, 15.5, 16], "texture": "#7"},
				"south": {"uv": [0, 0, 16, 16], "texture": "#7"},
				"west": {"uv": [0, 0, 16, 16], "texture": "#7"},
				"up": {"uv": [0, 0, 16, 16], "rotation": 90, "texture": "#7"},
				"down": {"uv": [0, 0, 0.5, 0.5], "rotation": 270, "texture": "#7"}
			}
		},
		{
			"from": [2.1875, 1.0625, 3.625],
			"to": [3.1875, 3.0625, 4.625],
			"rotation": {"angle": 22.5, "axis": "y", "origin": [10.1875, 9.0625, 11.625]},
			"faces": {
				"north": {"uv": [0, 0, 16, 16], "texture": "#7"},
				"east": {"uv": [0, 0, 15.5, 16], "texture": "#7"},
				"south": {"uv": [0, 0, 16, 16], "texture": "#7"},
				"west": {"uv": [0, 0, 16, 16], "texture": "#7"},
				"up": {"uv": [0, 0, 16, 16], "texture": "#7"},
				"down": {"uv": [0, 0, 0.5, 0.5], "texture": "#7"}
			}
		},
		{
			"from": [0.8125, 1.0625, 6.625],
			"to": [1.8125, 3.0625, 7.625],
			"rotation": {"angle": 0, "axis": "y", "origin": [8.8125, 9.0625, 14.625]},
			"faces": {
				"north": {"uv": [0, 0, 16, 16], "texture": "#7"},
				"east": {"uv": [0, 0, 15.5, 16], "texture": "#7"},
				"south": {"uv": [0, 0, 16, 16], "texture": "#7"},
				"west": {"uv": [0, 0, 16, 16], "texture": "#7"},
				"up": {"uv": [0, 0, 16, 16], "texture": "#7"},
				"down": {"uv": [0, 0, 0.5, 0.5], "texture": "#7"}
			}
		},
		{
			"from": [3.875, 1.0625, 11.9375],
			"to": [4.875, 3.0625, 12.9375],
			"rotation": {"angle": 22.5, "axis": "y", "origin": [-3.125, 9.0625, 19.9375]},
			"faces": {
				"north": {"uv": [0, 0, 0.5, 1], "texture": "#7"},
				"east": {"uv": [0, 0, 15.5, 16], "texture": "#7"},
				"south": {"uv": [0, 0, 16, 16], "texture": "#7"},
				"west": {"uv": [0, 0, 16, 16], "texture": "#7"},
				"up": {"uv": [0, 0, 16, 16], "rotation": 90, "texture": "#7"},
				"down": {"uv": [0, 0, 0.5, 0.5], "rotation": 270, "texture": "#7"}
			}
		},
		{
			"from": [2.125, 1.0625, 5.6875],
			"to": [3.125, 3.0625, 6.6875],
			"rotation": {"angle": 22.5, "axis": "y", "origin": [10.125, 9.0625, 13.6875]},
			"faces": {
				"north": {"uv": [0, 0, 16, 16], "texture": "#7"},
				"east": {"uv": [0, 0, 15.5, 16], "texture": "#7"},
				"south": {"uv": [0, 0, 16, 16], "texture": "#7"},
				"west": {"uv": [0, 0, 16, 16], "texture": "#7"},
				"up": {"uv": [0, 0, 16, 16], "texture": "#7"},
				"down": {"uv": [0, 0, 0.5, 0.5], "texture": "#7"}
			}
		},
		{
			"from": [0.75, 1.0625, 8.6875],
			"to": [1.75, 3.0625, 9.6875],
			"rotation": {"angle": 0, "axis": "y", "origin": [8.75, 9.0625, 16.6875]},
			"faces": {
				"north": {"uv": [0, 0, 16, 16], "texture": "#7"},
				"east": {"uv": [0, 0, 15.5, 16], "texture": "#7"},
				"south": {"uv": [0, 0, 16, 16], "texture": "#7"},
				"west": {"uv": [0, 0, 16, 16], "texture": "#7"},
				"up": {"uv": [0, 0, 16, 16], "texture": "#7"},
				"down": {"uv": [0, 0, 0.5, 0.5], "texture": "#7"}
			}
		},
		{
			"from": [3.875, 1.0625, 13.875],
			"to": [4.875, 3.0625, 14.875],
			"rotation": {"angle": 22.5, "axis": "y", "origin": [-3.125, 9.0625, 21.875]},
			"faces": {
				"north": {"uv": [0, 0, 0.5, 1], "texture": "#7"},
				"east": {"uv": [0, 0, 15.5, 16], "texture": "#7"},
				"south": {"uv": [0, 0, 16, 16], "texture": "#7"},
				"west": {"uv": [0, 0, 16, 16], "texture": "#7"},
				"up": {"uv": [0, 0, 16, 16], "rotation": 90, "texture": "#7"},
				"down": {"uv": [0, 0, 0.5, 0.5], "rotation": 270, "texture": "#7"}
			}
		},
		{
			"from": [2.125, 1.0625, 7.625],
			"to": [3.125, 3.0625, 8.625],
			"rotation": {"angle": 22.5, "axis": "y", "origin": [10.125, 9.0625, 15.625]},
			"faces": {
				"north": {"uv": [0, 0, 16, 16], "texture": "#7"},
				"east": {"uv": [0, 0, 15.5, 16], "texture": "#7"},
				"south": {"uv": [0, 0, 16, 16], "texture": "#7"},
				"west": {"uv": [0, 0, 16, 16], "texture": "#7"},
				"up": {"uv": [0, 0, 16, 16], "texture": "#7"},
				"down": {"uv": [0, 0, 0.5, 0.5], "texture": "#7"}
			}
		},
		{
			"from": [0.75, 1.0625, 10.625],
			"to": [1.75, 3.0625, 11.625],
			"rotation": {"angle": 0, "axis": "y", "origin": [8.75, 9.0625, 18.625]},
			"faces": {
				"north": {"uv": [0, 0, 16, 16], "texture": "#7"},
				"east": {"uv": [0, 0, 15.5, 16], "texture": "#7"},
				"south": {"uv": [0, 0, 16, 16], "texture": "#7"},
				"west": {"uv": [0, 0, 16, 16], "texture": "#7"},
				"up": {"uv": [0, 0, 16, 16], "texture": "#7"},
				"down": {"uv": [0, 0, 0.5, 0.5], "texture": "#7"}
			}
		},
		{
			"from": [4.0625, 1.0625, 15.6875],
			"to": [5.0625, 3.0625, 16.6875],
			"rotation": {"angle": 22.5, "axis": "y", "origin": [-2.9375, 9.0625, 23.6875]},
			"faces": {
				"north": {"uv": [0, 0, 0.5, 1], "texture": "#7"},
				"east": {"uv": [0, 0, 15.5, 16], "texture": "#7"},
				"south": {"uv": [0, 0, 16, 16], "texture": "#7"},
				"west": {"uv": [0, 0, 16, 16], "texture": "#7"},
				"up": {"uv": [0, 0, 16, 16], "rotation": 90, "texture": "#7"},
				"down": {"uv": [0, 0, 0.5, 0.5], "rotation": 270, "texture": "#7"}
			}
		},
		{
			"from": [2.3125, 1.0625, 9.4375],
			"to": [3.3125, 3.0625, 10.4375],
			"rotation": {"angle": 22.5, "axis": "y", "origin": [10.3125, 9.0625, 17.4375]},
			"faces": {
				"north": {"uv": [0, 0, 16, 16], "texture": "#7"},
				"east": {"uv": [0, 0, 15.5, 16], "texture": "#7"},
				"south": {"uv": [0, 0, 16, 16], "texture": "#7"},
				"west": {"uv": [0, 0, 16, 16], "texture": "#7"},
				"up": {"uv": [0, 0, 16, 16], "texture": "#7"},
				"down": {"uv": [0, 0, 0.5, 0.5], "texture": "#7"}
			}
		},
		{
			"from": [0.9375, 1.0625, 12.4375],
			"to": [1.9375, 3.0625, 13.4375],
			"rotation": {"angle": 0, "axis": "y", "origin": [8.9375, 9.0625, 20.4375]},
			"faces": {
				"north": {"uv": [0, 0, 16, 16], "texture": "#7"},
				"east": {"uv": [0, 0, 15.5, 16], "texture": "#7"},
				"south": {"uv": [0, 0, 16, 16], "texture": "#7"},
				"west": {"uv": [0, 0, 16, 16], "texture": "#7"},
				"up": {"uv": [0, 0, 16, 16], "texture": "#7"},
				"down": {"uv": [0, 0, 0.5, 0.5], "texture": "#7"}
			}
		},
		{
			"from": [5.875, 1.0625, 16.1875],
			"to": [6.875, 3.0625, 17.1875],
			"rotation": {"angle": 22.5, "axis": "y", "origin": [-1.125, 9.0625, 24.1875]},
			"faces": {
				"north": {"uv": [0, 0, 0.5, 1], "texture": "#7"},
				"east": {"uv": [0, 0, 15.5, 16], "texture": "#7"},
				"south": {"uv": [0, 0, 16, 16], "texture": "#7"},
				"west": {"uv": [0, 0, 16, 16], "texture": "#7"},
				"up": {"uv": [0, 0, 16, 16], "rotation": 90, "texture": "#7"},
				"down": {"uv": [0, 0, 0.5, 0.5], "rotation": 270, "texture": "#7"}
			}
		},
		{
			"from": [4.125, 1.0625, 9.9375],
			"to": [5.125, 3.0625, 10.9375],
			"rotation": {"angle": 22.5, "axis": "y", "origin": [12.125, 9.0625, 17.9375]},
			"faces": {
				"north": {"uv": [0, 0, 16, 16], "texture": "#7"},
				"east": {"uv": [0, 0, 15.5, 16], "texture": "#7"},
				"south": {"uv": [0, 0, 16, 16], "texture": "#7"},
				"west": {"uv": [0, 0, 16, 16], "texture": "#7"},
				"up": {"uv": [0, 0, 16, 16], "texture": "#7"},
				"down": {"uv": [0, 0, 0.5, 0.5], "texture": "#7"}
			}
		},
		{
			"from": [2.75, 1.0625, 12.9375],
			"to": [3.75, 3.0625, 13.9375],
			"rotation": {"angle": 0, "axis": "y", "origin": [10.75, 9.0625, 20.9375]},
			"faces": {
				"north": {"uv": [0, 0, 16, 16], "texture": "#7"},
				"east": {"uv": [0, 0, 15.5, 16], "texture": "#7"},
				"south": {"uv": [0, 0, 16, 16], "texture": "#7"},
				"west": {"uv": [0, 0, 16, 16], "texture": "#7"},
				"up": {"uv": [0, 0, 16, 16], "texture": "#7"},
				"down": {"uv": [0, 0, 0.5, 0.5], "texture": "#7"}
			}
		},
		{
			"from": [7.9375, 1.0625, 16.25],
			"to": [8.9375, 3.0625, 17.25],
			"rotation": {"angle": 22.5, "axis": "y", "origin": [0.9375, 9.0625, 24.25]},
			"faces": {
				"north": {"uv": [0, 0, 0.5, 1], "texture": "#7"},
				"east": {"uv": [0, 0, 15.5, 16], "texture": "#7"},
				"south": {"uv": [0, 0, 16, 16], "texture": "#7"},
				"west": {"uv": [0, 0, 16, 16], "texture": "#7"},
				"up": {"uv": [0, 0, 16, 16], "rotation": 90, "texture": "#7"},
				"down": {"uv": [0, 0, 0.5, 0.5], "rotation": 270, "texture": "#7"}
			}
		},
		{
			"from": [6.1875, 1.0625, 10],
			"to": [7.1875, 3.0625, 11],
			"rotation": {"angle": 22.5, "axis": "y", "origin": [14.1875, 9.0625, 18]},
			"faces": {
				"north": {"uv": [0, 0, 16, 16], "texture": "#7"},
				"east": {"uv": [0, 0, 15.5, 16], "texture": "#7"},
				"south": {"uv": [0, 0, 16, 16], "texture": "#7"},
				"west": {"uv": [0, 0, 16, 16], "texture": "#7"},
				"up": {"uv": [0, 0, 16, 16], "texture": "#7"},
				"down": {"uv": [0, 0, 0.5, 0.5], "texture": "#7"}
			}
		},
		{
			"from": [4.8125, 1.0625, 13],
			"to": [5.8125, 3.0625, 14],
			"rotation": {"angle": 0, "axis": "y", "origin": [12.8125, 9.0625, 21]},
			"faces": {
				"north": {"uv": [0, 0, 16, 16], "texture": "#7"},
				"east": {"uv": [0, 0, 15.5, 16], "texture": "#7"},
				"south": {"uv": [0, 0, 16, 16], "texture": "#7"},
				"west": {"uv": [0, 0, 16, 16], "texture": "#7"},
				"up": {"uv": [0, 0, 16, 16], "texture": "#7"},
				"down": {"uv": [0, 0, 0.5, 0.5], "texture": "#7"}
			}
		},
		{
			"from": [9.8125, 1.0625, 16.25],
			"to": [10.8125, 3.0625, 17.25],
			"rotation": {"angle": 22.5, "axis": "y", "origin": [2.8125, 9.0625, 24.25]},
			"faces": {
				"north": {"uv": [0, 0, 0.5, 1], "texture": "#7"},
				"east": {"uv": [0, 0, 15.5, 16], "texture": "#7"},
				"south": {"uv": [0, 0, 16, 16], "texture": "#7"},
				"west": {"uv": [0, 0, 16, 16], "texture": "#7"},
				"up": {"uv": [0, 0, 16, 16], "rotation": 90, "texture": "#7"},
				"down": {"uv": [0, 0, 0.5, 0.5], "rotation": 270, "texture": "#7"}
			}
		},
		{
			"from": [8.0625, 1.0625, 10],
			"to": [9.0625, 3.0625, 11],
			"rotation": {"angle": 22.5, "axis": "y", "origin": [16.0625, 9.0625, 18]},
			"faces": {
				"north": {"uv": [0, 0, 16, 16], "texture": "#7"},
				"east": {"uv": [0, 0, 15.5, 16], "texture": "#7"},
				"south": {"uv": [0, 0, 16, 16], "texture": "#7"},
				"west": {"uv": [0, 0, 16, 16], "texture": "#7"},
				"up": {"uv": [0, 0, 16, 16], "texture": "#7"},
				"down": {"uv": [0, 0, 0.5, 0.5], "texture": "#7"}
			}
		},
		{
			"from": [6.6875, 1.0625, 13],
			"to": [7.6875, 3.0625, 14],
			"rotation": {"angle": 0, "axis": "y", "origin": [14.6875, 9.0625, 21]},
			"faces": {
				"north": {"uv": [0, 0, 16, 16], "texture": "#7"},
				"east": {"uv": [0, 0, 15.5, 16], "texture": "#7"},
				"south": {"uv": [0, 0, 16, 16], "texture": "#7"},
				"west": {"uv": [0, 0, 16, 16], "texture": "#7"},
				"up": {"uv": [0, 0, 16, 16], "texture": "#7"},
				"down": {"uv": [0, 0, 0.5, 0.5], "texture": "#7"}
			}
		}
	],
	"display": {
		"thirdperson_righthand": {
			"translation": [0, 0.75, -1.75],
			"scale": [0.26, 0.26, 0.26]
		},
		"thirdperson_lefthand": {
			"translation": [0, 0.75, -1.75],
			"scale": [0.26, 0.26, 0.26]
		},
		"firstperson_righthand": {
			"translation": [0, 4.25, 0],
			"scale": [0.34, 0.34, 0.34]
		},
		"firstperson_lefthand": {
			"translation": [0, 4.25, 0],
			"scale": [0.34, 0.34, 0.34]
		},
		"ground": {
			"translation": [0, 1.5, 0],
			"scale": [0.42, 0.42, 0.42]
		},
		"gui": {
			"translation": [0.25, 2.5, 0],
			"scale": [0.55, 0.62, 0.56]
		},
		"head": {
			"translation": [0, 11.75, 0.5],
			"scale": [0.77, 0.65, 0.89609]
		},
		"fixed": {
			"rotation": [-90, 0, 0],
			"translation": [0, 0.25, -8.5]
		}
	},
	"groups": [
		{
			"name": "group",
			"origin": [8, 8, 8],
			"children": [0, 1,
				{
					"name": "flowers",
					"origin": [17.375, 10, 18],
					"children": [
						{
							"name": "flower",
							"origin": [17.375, 10, 18],
							"children": [2, 3, 4]
						},
						{
							"name": "flower",
							"origin": [17.375, 10, 18],
							"children": [5, 6, 7]
						},
						{
							"name": "flower",
							"origin": [17.375, 10, 18],
							"children": [8, 9, 10]
						},
						{
							"name": "flower",
							"origin": [17.375, 10, 18],
							"children": [11, 12, 13]
						},
						{
							"name": "flower",
							"origin": [17.375, 10, 18],
							"children": [14, 15, 16]
						},
						{
							"name": "flower",
							"origin": [17.375, 10, 18],
							"children": [17, 18, 19]
						},
						{
							"name": "flower",
							"origin": [17.375, 10, 18],
							"children": [20, 21, 22]
						},
						{
							"name": "flower",
							"origin": [17.375, 10, 18],
							"children": [23, 24, 25]
						},
						{
							"name": "flower",
							"origin": [17.375, 10, 18],
							"children": [26, 27, 28]
						},
						{
							"name": "flower",
							"origin": [17.375, 10, 18],
							"children": [29, 30, 31]
						},
						{
							"name": "flower",
							"origin": [17.375, 10, 18],
							"children": [32, 33, 34]
						},
						{
							"name": "flower",
							"origin": [17.375, 10, 18],
							"children": [35, 36, 37]
						},
						{
							"name": "flower",
							"origin": [17.375, 10, 18],
							"children": [38, 39, 40]
						},
						{
							"name": "flower",
							"origin": [17.375, 10, 18],
							"children": [41, 42, 43]
						},
						{
							"name": "flower",
							"origin": [17.375, 10, 18],
							"children": [44, 45, 46]
						},
						{
							"name": "flower",
							"origin": [17.375, 10, 18],
							"children": [47, 48, 49]
						},
						{
							"name": "flower",
							"origin": [17.375, 10, 18],
							"children": [50, 51, 52]
						},
						{
							"name": "flower",
							"origin": [17.375, 10, 18],
							"children": [53, 54, 55]
						},
						{
							"name": "flower",
							"origin": [17.375, 10, 18],
							"children": [56, 57, 58]
						},
						{
							"name": "flower",
							"origin": [17.375, 10, 18],
							"children": [59, 60, 61,
								{
									"name": "flower",
									"origin": [17.375, 10, 18],
									"children": [62, 63, 64]
								}
							]
						},
						{
							"name": "flower",
							"origin": [17.375, 10, 18],
							"children": [65, 66, 67]
						}
					]
				}
			]
		}
	]
}