{
	"credit": "Made with Blockbench",
	"textures": {
		"0": "file/grate",
		"particle": "file/grate"
	},
	"elements": [
		{
			"from": [8.625, 1, 7.5625],
			"to": [9, 3, 8.375],
			"rotation": {"angle": 0, "axis": "y", "origin": [16, 8, 15.875]},
			"faces": {
				"north": {"uv": [0, 0, 0.375, 2], "texture": "#0"},
				"east": {"uv": [0, 0, 11.813, 11], "texture": "#0"},
				"south": {"uv": [0, 0, 0.375, 2], "texture": "#0"},
				"west": {"uv": [0, 0, 11.813, 11], "texture": "#0"},
				"up": {"uv": [0, 0, 0.375, 0.8125], "texture": "#0"},
				"down": {"uv": [0, 0, 4.375, 11.813], "texture": "#0"}
			}
		},
		{
			"from": [8.625, 2.125, 6.8125],
			"to": [9, 3, 7.5625],
			"rotation": {"angle": 0, "axis": "y", "origin": [16, 8, 15.0625]},
			"faces": {
				"north": {"uv": [0, 0, 0.375, 2], "texture": "#0"},
				"east": {"uv": [0, 0, 11.813, 11], "texture": "#0"},
				"south": {"uv": [0, 0, 0.375, 2], "texture": "#0"},
				"west": {"uv": [0, 0, 11.813, 11], "texture": "#0"},
				"up": {"uv": [0, 0, 0.375, 0.8125], "texture": "#0"},
				"down": {"uv": [0, 0, 4.375, 11.813], "texture": "#0"}
			}
		},
		{
			"from": [8.625, 9, 6.9375],
			"to": [9, 9.875, 7.6875],
			"rotation": {"angle": 0, "axis": "y", "origin": [16, 14.875, 15.1875]},
			"faces": {
				"north": {"uv": [0, 0, 0.375, 2], "texture": "#0"},
				"east": {"uv": [0, 0, 11.813, 11], "texture": "#0"},
				"south": {"uv": [0, 0, 0.375, 2], "texture": "#0"},
				"west": {"uv": [0, 0, 11.813, 11], "texture": "#0"},
				"up": {"uv": [0, 0, 0.375, 0.8125], "texture": "#0"},
				"down": {"uv": [0, 0, 4.375, 11.813], "texture": "#0"}
			}
		},
		{
			"from": [8.625, 9, 8.375],
			"to": [9, 9.875, 9.125],
			"rotation": {"angle": 0, "axis": "y", "origin": [16, 14.875, 16.625]},
			"faces": {
				"north": {"uv": [0, 0, 0.375, 2], "texture": "#0"},
				"east": {"uv": [0, 0, 11.813, 11], "texture": "#0"},
				"south": {"uv": [0, 0, 0.375, 2], "texture": "#0"},
				"west": {"uv": [0, 0, 11.813, 11], "texture": "#0"},
				"up": {"uv": [0, 0, 0.375, 0.8125], "texture": "#0"},
				"down": {"uv": [0, 0, 4.375, 11.813], "texture": "#0"}
			}
		},
		{
			"from": [8.625, 2.125, 8.3125],
			"to": [9, 3, 9.25],
			"rotation": {"angle": 0, "axis": "y", "origin": [16, 8, 16.6875]},
			"faces": {
				"north": {"uv": [0, 0, 0.375, 2], "texture": "#0"},
				"east": {"uv": [0, 0, 15.813, 9], "texture": "#0"},
				"south": {"uv": [0, 0, 0.375, 2], "texture": "#0"},
				"west": {"uv": [0, 0, 11.813, 11], "texture": "#0"},
				"up": {"uv": [0, 0, 0.375, 0.8125], "texture": "#0"},
				"down": {"uv": [0, 0, 4.375, 11.813], "texture": "#0"}
			}
		},
		{
			"from": [8.5625, 9, 7.625],
			"to": [9, 11, 8.4375],
			"rotation": {"angle": 0, "axis": "y", "origin": [16, 17, 15.9375]},
			"faces": {
				"north": {"uv": [0, 0, 3.438, 11], "texture": "#0"},
				"east": {"uv": [0, 0, 6.813, 8], "texture": "#0"},
				"south": {"uv": [0, 0, 3.438, 11], "texture": "#0"},
				"west": {"uv": [0, 0, 7.813, 11], "texture": "#0"},
				"up": {"uv": [0, 0, 2.438, 10.813], "texture": "#0"},
				"down": {"uv": [0, 0, 0.4375, 0.8125], "texture": "#0"}
			}
		},
		{
			"from": [8.5625, 3, 6.625],
			"to": [9, 9, 9.5],
			"rotation": {"angle": 0, "axis": "y", "origin": [16, 11, 15]},
			"faces": {
				"north": {"uv": [0, 0, 3, 10], "texture": "#0"},
				"east": {"uv": [0, 0, 16, 16], "texture": "#0"},
				"south": {"uv": [0, 0, 3, 12], "texture": "#0"},
				"west": {"uv": [0, 0, 16, 16], "texture": "#0"},
				"up": {"uv": [0, 0, 5, 12], "texture": "#0"},
				"down": {"uv": [0, 0, 6, 9], "texture": "#0"}
			}
		}
	],
	"display": {
		"thirdperson_righthand": {
			"translation": [-1, 0, 0],
			"scale": [1, 0.67773, 0.625]
		},
		"thirdperson_lefthand": {
			"translation": [-1, 0, 0],
			"scale": [1, 0.67773, 0.625]
		},
		"firstperson_righthand": {
			"rotation": [-13, 0, 0],
			"translation": [2.75, 5.75, 0],
			"scale": [0.55, 0.86, 0.55]
		},
		"firstperson_lefthand": {
			"rotation": [-13, 0, 0],
			"translation": [2.75, 5.75, 0],
			"scale": [0.72, 0.86, 0.55]
		},
		"ground": {
			"rotation": [0, 0, -96],
			"translation": [1, 0.25, 0]
		},
		"gui": {
			"rotation": [0, -119.5, 0],
			"translation": [1, 1.5, 0],
			"scale": [1.2, 1.2, 1.2]
		},
		"head": {
			"rotation": [0, -180, 86],
			"translation": [-7.75, 0, 0]
		},
		"fixed": {
			"rotation": [0, -90, 0],
			"translation": [0, 2, -1.5]
		}
	}
}