{
	"credit": "Made with Blockbench",
	"textures": {
		"0": "toppat/purble",
		"1": "toppat/purbline",
		"particle": "toppat/purble"
	},
	"elements": [
		{
			"from": [-3, -0.1875, -1.625],
			"to": [19, 1, 16.9375],
			"faces": {
				"north": {"uv": [0, 0, 16, 16], "texture": "#0"},
				"east": {"uv": [0, 0, 16, 16], "texture": "#0"},
				"south": {"uv": [0, 0, 16, 16], "texture": "#0"},
				"west": {"uv": [0, 0, 16, 16], "texture": "#0"},
				"up": {"uv": [0, 0, 16, 16], "texture": "#0"},
				"down": {"uv": [0, 0, 16, 16], "texture": "#0"}
			}
		},
		{
			"from": [2, 0.875, 2],
			"to": [14, 17.875, 13],
			"rotation": {"angle": 0, "axis": "y", "origin": [19, 9.875, 20]},
			"faces": {
				"north": {"uv": [0, 0, 16, 16], "texture": "#1"},
				"east": {"uv": [0, 0, 16, 16], "texture": "#1"},
				"south": {"uv": [0, 0, 16, 16], "texture": "#1"},
				"west": {"uv": [0, 0, 16, 16], "texture": "#1"},
				"up": {"uv": [0, 0, 16, 16], "texture": "#0"},
				"down": {"uv": [0, 0, 32, 32], "texture": "#0"}
			}
		}
	],
	"display": {
		"thirdperson_righthand": {
			"translation": [0, 0, -1],
			"scale": [0.31, 0.31, 0.31]
		},
		"thirdperson_lefthand": {
			"translation": [0, 0, -1],
			"scale": [0.31, 0.31, 0.31]
		},
		"firstperson_righthand": {
			"translation": [1.25, 3.75, -1],
			"scale": [0.46, 0.42, 0.31]
		},
		"firstperson_lefthand": {
			"translation": [1.25, 3.75, -1],
			"scale": [0.46, 0.42, 0.31]
		},
		"ground": {
			"translation": [0, 7, 0],
			"scale": [0.52, 0.52, 0.52]
		},
		"gui": {
			"translation": [0, -0.25, 0],
			"scale": [0.58, 0.59, 0.58]
		},
		"head": {
			"translation": [0.25, 13.75, 0],
			"scale": [0.9, 0.9082, 0.88]
		},
		"fixed": {
			"rotation": [-90, 0, 0],
			"translation": [0, 0, -8.5]
		}
	},
	"groups": [
		{
			"name": "group",
			"origin": [8, 8, 8],
			"children": [0, 1]
		}
	]
}