{
	"credit": "Made with Blockbench",
	"textures": {
		"0": "misc/metallic",
		"particle": "misc/metallic"
	},
	"elements": [
		{
			"from": [7.6875, 12.6875, 9.9375],
			"to": [8.5625, 23.25, 10.75],
			"rotation": {"angle": 0, "axis": "y", "origin": [17.9375, 2.25, 16.75]},
			"faces": {
				"north": {"uv": [0, 0, 16, 16], "texture": "#0"},
				"east": {"uv": [0, 0, 16, 16], "texture": "#0"},
				"south": {"uv": [0, 0, 16, 16], "texture": "#0"},
				"west": {"uv": [0, 0, 16, 16], "texture": "#0"},
				"up": {"uv": [0, 0, 16, 16], "texture": "#0"},
				"down": {"uv": [0, 0, 16, 16], "texture": "#0"}
			}
		}
	],
	"display": {
		"thirdperson_righthand": {
			"translation": [-6.25, -12, -1.5]
		},
		"thirdperson_lefthand": {
			"translation": [-6.25, -12, -1.5]
		},
		"firstperson_righthand": {
			"translation": [0, -4.25, 0]
		},
		"firstperson_lefthand": {
			"translation": [0, -4.25, 0]
		},
		"ground": {
			"translation": [0, -0.25, -2]
		},
		"gui": {
			"rotation": [0, 0, -18.75],
			"translation": [-5, -12.75, 0],
			"scale": [1.42773, 1.42773, 1.42773]
		},
		"head": {
			"translation": [0, -30.5, 0],
			"scale": [1.54531, 1.54531, 1.54531]
		},
		"fixed": {
			"translation": [0, -4, -1.75]
		}
	}
}