{
	"credit": "Made with Blockbench",
	"texture_size": [32, 32],
	"textures": {
		"0": "charles/earmuff",
		"1": "charles/stereo",
		"2": "charles/mic",
		"particle": "charles/earmuff"
	},
	"elements": [
		{
			"from": [14, 7, 4],
			"to": [16.0625, 8, 10],
			"rotation": {"angle": 0, "axis": "y", "origin": [22, 15, 13]},
			"faces": {
				"north": {"uv": [0, 0, 0.5, 0.5], "texture": "#0"},
				"east": {"uv": [0, 0, 3, 0.5], "texture": "#0"},
				"south": {"uv": [0, 0, 0.5, 0.5], "texture": "#0"},
				"west": {"uv": [0, 0, 3, 0.5], "texture": "#0"},
				"up": {"uv": [0, 0, 0.5, 3], "texture": "#0"},
				"down": {"uv": [0, 0, 0.5, 3], "texture": "#0"}
			}
		},
		{
			"from": [14, 1, 3],
			"to": [16, 7, 11],
			"rotation": {"angle": 0, "axis": "y", "origin": [22, 8, 13]},
			"faces": {
				"north": {"uv": [0, 0, 1.5, 10], "texture": "#0"},
				"east": {"uv": [0, 0, 16, 16], "texture": "#0"},
				"south": {"uv": [0, 0, 0.5, 3], "texture": "#0"},
				"west": {"uv": [0, 0, 16, 16], "texture": "#0"},
				"up": {"uv": [0, 0, 0.5, 4], "texture": "#0"},
				"down": {"uv": [0, 0, 0.5, 4], "texture": "#0"}
			}
		},
		{
			"from": [14, 0, 4],
			"to": [16, 1, 10],
			"rotation": {"angle": 0, "axis": "y", "origin": [22, 8, 13]},
			"faces": {
				"north": {"uv": [0, 0, 1, 0.5], "texture": "#0"},
				"east": {"uv": [0, 0, 3, 0.5], "texture": "#0"},
				"south": {"uv": [0, 0, 1, 0.5], "texture": "#0"},
				"west": {"uv": [0, 0, 3, 0.5], "texture": "#0"},
				"up": {"uv": [0, 0, 1, 3], "texture": "#0"},
				"down": {"uv": [0, 0, 1, 3], "texture": "#0"}
			}
		},
		{
			"from": [16, 1, 3],
			"to": [20, 7, 11],
			"rotation": {"angle": 0, "axis": "y", "origin": [27, 8, 3]},
			"faces": {
				"north": {"uv": [0, 0, 1.5, 3], "texture": "#1"},
				"east": {"uv": [0, 0, 16, 16], "texture": "#1"},
				"south": {"uv": [0, 0, 1.5, 3], "texture": "#1"},
				"west": {"uv": [0, 0, 4, 3], "texture": "#1"},
				"up": {"uv": [0, 0, 4, 1.5], "rotation": 270, "texture": "#1"},
				"down": {"uv": [0, 0, 4, 1.5], "rotation": 90, "texture": "#1"}
			}
		},
		{
			"from": [16, 7, 4],
			"to": [19, 8, 10],
			"rotation": {"angle": 0, "axis": "y", "origin": [26, 15, 12]},
			"faces": {
				"north": {"uv": [0, 0, 1.5, 0.5], "texture": "#1"},
				"east": {"uv": [0, 0, 3, 0.5], "texture": "#1"},
				"south": {"uv": [0, 0, 1.5, 0.5], "texture": "#1"},
				"west": {"uv": [0, 0, 3, 0.5], "texture": "#1"},
				"up": {"uv": [0, 0, 1.5, 3], "texture": "#1"},
				"down": {"uv": [0, 0, 1.5, 3], "texture": "#1"}
			}
		},
		{
			"from": [16, 0, 4],
			"to": [19, 1, 10],
			"rotation": {"angle": 0, "axis": "y", "origin": [26, 8, 12]},
			"faces": {
				"north": {"uv": [0, 0, 1.5, 0.5], "texture": "#1"},
				"east": {"uv": [0, 0, 3, 0.5], "texture": "#1"},
				"south": {"uv": [0, 0, 1.5, 0.5], "texture": "#1"},
				"west": {"uv": [0, 0, 3, 0.5], "texture": "#1"},
				"up": {"uv": [0, 0, 1.5, 3], "texture": "#1"},
				"down": {"uv": [0, 0, 1.5, 3], "texture": "#1"}
			}
		},
		{
			"from": [-0.0625, 7, 4],
			"to": [2, 8, 10],
			"rotation": {"angle": 0, "axis": "y", "origin": [-3, 15, 1]},
			"faces": {
				"north": {"uv": [0, 0, 1.5, 8.5], "texture": "#0"},
				"east": {"uv": [0, 0, 3, 0.5], "texture": "#0"},
				"south": {"uv": [0, 0, 0.5, 0.5], "texture": "#0"},
				"west": {"uv": [0, 0, 3, 0.5], "texture": "#0"},
				"up": {"uv": [0, 0, 0.5, 3], "rotation": 180, "texture": "#0"},
				"down": {"uv": [0, 0, 0.5, 3], "rotation": 180, "texture": "#0"}
			}
		},
		{
			"from": [0, 1, 3],
			"to": [2, 7, 11],
			"rotation": {"angle": 0, "axis": "y", "origin": [-3, 15, 1]},
			"faces": {
				"north": {"uv": [0, 0, 0.5, 3], "texture": "#0"},
				"east": {"uv": [0, 0, 16, 16], "texture": "#0"},
				"south": {"uv": [0, 0, 0.5, 3], "texture": "#0"},
				"west": {"uv": [0, 0, 16, 16], "texture": "#0"},
				"up": {"uv": [0, 0, 0.5, 4], "rotation": 180, "texture": "#0"},
				"down": {"uv": [0, 0, 0.5, 4], "rotation": 180, "texture": "#0"}
			}
		},
		{
			"from": [0, 0, 4],
			"to": [2, 1, 10],
			"rotation": {"angle": 0, "axis": "y", "origin": [-3, 15, 1]},
			"faces": {
				"north": {"uv": [0, 0, 1, 0.5], "texture": "#0"},
				"east": {"uv": [0, 0, 3, 0.5], "texture": "#0"},
				"south": {"uv": [0, 0, 1, 0.5], "texture": "#0"},
				"west": {"uv": [0, 0, 3, 0.5], "texture": "#0"},
				"up": {"uv": [0, 0, 1, 3], "rotation": 180, "texture": "#0"},
				"down": {"uv": [0, 0, 1, 3], "rotation": 180, "texture": "#0"}
			}
		},
		{
			"from": [-4, 1, 3],
			"to": [0, 7, 11],
			"rotation": {"angle": 0, "axis": "y", "origin": [-3, 15, 1]},
			"faces": {
				"north": {"uv": [0, 0, 1.5, 3], "texture": "#1"},
				"east": {"uv": [0, 0, 4, 3], "texture": "#1"},
				"south": {"uv": [0, 0, 1.5, 3], "texture": "#1"},
				"west": {"uv": [0, 0, 16, 16], "texture": "#1"},
				"up": {"uv": [0, 0, 4, 1.5], "rotation": 90, "texture": "#1"},
				"down": {"uv": [0, 0, 4, 1.5], "rotation": 270, "texture": "#1"}
			}
		},
		{
			"from": [-3, 7, 4],
			"to": [0, 8, 10],
			"rotation": {"angle": 0, "axis": "y", "origin": [-3, 15, 1]},
			"faces": {
				"north": {"uv": [0, 0, 1.5, 0.5], "texture": "#1"},
				"east": {"uv": [0, 0, 3, 0.5], "texture": "#1"},
				"south": {"uv": [0, 0, 1.5, 0.5], "texture": "#1"},
				"west": {"uv": [0, 0, 3, 0.5], "texture": "#1"},
				"up": {"uv": [0, 0, 1.5, 3], "rotation": 180, "texture": "#1"},
				"down": {"uv": [0, 0, 1.5, 3], "rotation": 180, "texture": "#1"}
			}
		},
		{
			"from": [-3, 0, 4],
			"to": [0, 1, 10],
			"rotation": {"angle": 0, "axis": "y", "origin": [-3, 15, 1]},
			"faces": {
				"north": {"uv": [0, 0, 1.5, 0.5], "texture": "#1"},
				"east": {"uv": [0, 0, 3, 0.5], "texture": "#1"},
				"south": {"uv": [0, 0, 1.5, 0.5], "texture": "#1"},
				"west": {"uv": [0, 0, 3, 0.5], "texture": "#1"},
				"up": {"uv": [0, 0, 1.5, 3], "rotation": 180, "texture": "#1"},
				"down": {"uv": [0, 0, 1.5, 3], "rotation": 180, "texture": "#1"}
			}
		},
		{
			"from": [4.5, 11, 5],
			"to": [11.5, 13.625, 9],
			"rotation": {"angle": 0, "axis": "y", "origin": [13.5, 19, 15]},
			"faces": {
				"north": {"uv": [0, 0, 15.5, 4.5], "texture": "#1"},
				"east": {"uv": [0, 0, 15.5, 7.5], "texture": "#1"},
				"south": {"uv": [0, 0, 15.5, 7.5], "texture": "#1"},
				"west": {"uv": [0, 0, 15.5, 5.5], "texture": "#1"},
				"up": {"uv": [0, 0, 15.5, 15.5], "texture": "#1"},
				"down": {"uv": [0, 0, 15.5, 7.5], "texture": "#1"}
			}
		},
		{
			"from": [16.4375, 8, 6.625],
			"to": [17.4375, 11, 7.625],
			"rotation": {"angle": 0, "axis": "y", "origin": [24.4375, 18, 14.625]},
			"faces": {
				"north": {"uv": [0, 0, 0.5, 1.5], "texture": "#0"},
				"east": {"uv": [0, 0, 0.5, 1.5], "texture": "#0"},
				"south": {"uv": [0, 0, 0.5, 1.5], "texture": "#0"},
				"west": {"uv": [0, 0, 0.5, 1.5], "texture": "#0"},
				"up": {"uv": [0, 0, 0.5, 0.5], "texture": "#0"},
				"down": {"uv": [0, 0, 0.5, 0.5], "texture": "#0"}
			}
		},
		{
			"from": [-1.5625, 8, 6.625],
			"to": [-0.5625, 11, 7.625],
			"rotation": {"angle": 0, "axis": "y", "origin": [6.4375, 18, 14.625]},
			"faces": {
				"north": {"uv": [0, 0, 0.5, 1.5], "texture": "#0"},
				"east": {"uv": [0, 0, 0.5, 1.5], "texture": "#0"},
				"south": {"uv": [0, 0, 0.5, 1.5], "texture": "#0"},
				"west": {"uv": [0, 0, 0.5, 1.5], "texture": "#0"},
				"up": {"uv": [0, 0, 0.5, 0.5], "texture": "#0"},
				"down": {"uv": [0, 0, 0.5, 0.5], "texture": "#0"}
			}
		},
		{
			"from": [11.4375, 11, 6.625],
			"to": [16.4375, 12, 7.625],
			"rotation": {"angle": 0, "axis": "y", "origin": [19.4375, 19, 14.625]},
			"faces": {
				"north": {"uv": [0, 0, 2.5, 0.5], "texture": "#0"},
				"east": {"uv": [0, 0, 0.5, 0.5], "texture": "#0"},
				"south": {"uv": [0, 0, 2.5, 0.5], "texture": "#0"},
				"west": {"uv": [0, 0, 0.5, 0.5], "texture": "#0"},
				"up": {"uv": [0, 0, 2.5, 0.5], "texture": "#0"},
				"down": {"uv": [0, 0, 2.5, 0.5], "texture": "#0"}
			}
		},
		{
			"from": [-0.5625, 11, 6.625],
			"to": [4.4375, 12, 7.625],
			"rotation": {"angle": 0, "axis": "y", "origin": [6.4375, 19, 14.625]},
			"faces": {
				"north": {"uv": [0, 0, 2.5, 0.5], "texture": "#0"},
				"east": {"uv": [0, 0, 0.5, 0.5], "texture": "#0"},
				"south": {"uv": [0, 0, 2.5, 0.5], "texture": "#0"},
				"west": {"uv": [0, 0, 0.5, 0.5], "texture": "#0"},
				"up": {"uv": [0, 0, 2.5, 0.5], "texture": "#0"},
				"down": {"uv": [0, 0, 2.5, 0.5], "texture": "#0"}
			}
		},
		{
			"from": [16.4375, 8, 3.375],
			"to": [17.4375, 9, 6.625],
			"rotation": {"angle": 0, "axis": "y", "origin": [24.4375, 16, 13.625]},
			"faces": {
				"north": {"uv": [1, 0, 1.5, 0.5], "texture": "#0"},
				"east": {"uv": [0, 0, 1.625, 0.5], "texture": "#0"},
				"south": {"uv": [0, 0, 0.5, 0.5], "texture": "#0"},
				"west": {"uv": [0, 0, 1.625, 0.5], "texture": "#0"},
				"up": {"uv": [0, 0, 0.5, 1.625], "texture": "#0"},
				"down": {"uv": [0, 0, 0.5, 1.625], "texture": "#0"}
			}
		},
		{
			"from": [16.4375, 8, 7.625],
			"to": [17.4375, 9, 10.625],
			"rotation": {"angle": 0, "axis": "y", "origin": [24.4375, 16, 17.625]},
			"faces": {
				"north": {"uv": [0, 0, 0.5, 0.5], "texture": "#0"},
				"east": {"uv": [0, 0, 1.5, 0.5], "texture": "#0"},
				"south": {"uv": [0, 0, 0.5, 0.5], "texture": "#0"},
				"west": {"uv": [0, 0, 1.5, 0.5], "texture": "#0"},
				"up": {"uv": [0, 0, 0.5, 1.5], "texture": "#0"},
				"down": {"uv": [0, 0, 0.5, 1.5], "texture": "#0"}
			}
		},
		{
			"from": [16.4375, 7, 3],
			"to": [17.4375, 8, 4],
			"rotation": {"angle": 0, "axis": "y", "origin": [24.4375, 15, 11]},
			"faces": {
				"north": {"uv": [0, 0, 0.5, 0.5], "texture": "#0"},
				"east": {"uv": [0, 0, 0.5, 0.5], "texture": "#0"},
				"south": {"uv": [0, 0, 0.5, 0.5], "texture": "#0"},
				"west": {"uv": [0, 0, 0.5, 0.5], "texture": "#0"},
				"up": {"uv": [0, 0, 0.5, 0.5], "texture": "#0"},
				"down": {"uv": [0, 0, 0.5, 0.5], "texture": "#0"}
			}
		},
		{
			"from": [16.4375, 7, 10],
			"to": [17.4375, 8, 11],
			"rotation": {"angle": 0, "axis": "y", "origin": [24.4375, 15, 18]},
			"faces": {
				"north": {"uv": [0, 0, 0.5, 0.5], "texture": "#0"},
				"east": {"uv": [0, 0, 0.5, 0.5], "texture": "#0"},
				"south": {"uv": [0, 0, 0.5, 0.5], "texture": "#0"},
				"west": {"uv": [0, 0, 0.5, 0.5], "texture": "#0"},
				"up": {"uv": [0, 0, 0.5, 0.5], "texture": "#0"},
				"down": {"uv": [0, 0, 0.5, 0.5], "texture": "#0"}
			}
		},
		{
			"from": [16.4375, 3, 2.4375],
			"to": [17.4375, 7, 3],
			"rotation": {"angle": 0, "axis": "y", "origin": [24.4375, 14, 10]},
			"faces": {
				"north": {"uv": [0, 0, 1.5, 11], "texture": "#0"},
				"east": {"uv": [0, 0, 0.28125, 2], "texture": "#0"},
				"south": {"uv": [0, 0, 0.5, 2], "texture": "#0"},
				"west": {"uv": [0, 0, 0.28125, 2], "texture": "#0"},
				"up": {"uv": [0, 0, 0.5, 0.28125], "texture": "#0"},
				"down": {"uv": [0, 0, 0.5, 0.28125], "texture": "#0"}
			}
		},
		{
			"from": [16.4375, 3, 11],
			"to": [17.4375, 7, 11.5625],
			"rotation": {"angle": 0, "axis": "y", "origin": [24.4375, 14, 18.5625]},
			"faces": {
				"north": {"uv": [0, 0, 0.5, 2], "texture": "#0"},
				"east": {"uv": [0, 0, 0.28125, 2], "texture": "#0"},
				"south": {"uv": [0, 0, 0.5, 2], "texture": "#0"},
				"west": {"uv": [0, 0, 0.28125, 2], "texture": "#0"},
				"up": {"uv": [0, 0, 0.5, 0.28125], "texture": "#0"},
				"down": {"uv": [0, 0, 0.5, 0.2815], "texture": "#0"}
			}
		},
		{
			"from": [-1.5625, 8, 3.375],
			"to": [-0.5625, 9, 6.625],
			"rotation": {"angle": 0, "axis": "y", "origin": [6.4375, 16, 13.625]},
			"faces": {
				"north": {"uv": [0, 0, 0.5, 0.5], "texture": "#0"},
				"east": {"uv": [0, 0, 1.625, 0.5], "texture": "#0"},
				"south": {"uv": [0, 0, 0.5, 0.5], "texture": "#0"},
				"west": {"uv": [0, 0, 1.625, 0.5], "texture": "#0"},
				"up": {"uv": [0, 0, 0.5, 1.625], "texture": "#0"},
				"down": {"uv": [0, 0, 0.5, 1.625], "texture": "#0"}
			}
		},
		{
			"from": [-1.5625, 8, 7.625],
			"to": [-0.5625, 9, 10.625],
			"rotation": {"angle": 0, "axis": "y", "origin": [6.4375, 16, 17.625]},
			"faces": {
				"north": {"uv": [0, 0, 0.5, 0.5], "texture": "#0"},
				"east": {"uv": [0, 0, 1.5, 0.5], "texture": "#0"},
				"south": {"uv": [0, 0, 0.5, 0.5], "texture": "#0"},
				"west": {"uv": [0, 0, 1.5, 0.5], "texture": "#0"},
				"up": {"uv": [0, 0, 0.5, 1.5], "texture": "#0"},
				"down": {"uv": [0, 0, 0.5, 1.5], "texture": "#0"}
			}
		},
		{
			"from": [-1.5625, 7, 3],
			"to": [-0.5625, 8, 4],
			"rotation": {"angle": 0, "axis": "y", "origin": [6.4375, 15, 11]},
			"faces": {
				"north": {"uv": [0, 0, 0.5, 0.5], "texture": "#0"},
				"east": {"uv": [0, 0, 0.5, 0.5], "texture": "#0"},
				"south": {"uv": [0, 0, 0.5, 0.5], "texture": "#0"},
				"west": {"uv": [0, 0, 0.5, 0.5], "texture": "#0"},
				"up": {"uv": [0, 0, 0.5, 0.5], "texture": "#0"},
				"down": {"uv": [0, 0, 0.5, 0.5], "texture": "#0"}
			}
		},
		{
			"from": [-1.5625, 7, 10],
			"to": [-0.5625, 8, 11],
			"rotation": {"angle": 0, "axis": "y", "origin": [6.4375, 15, 18]},
			"faces": {
				"north": {"uv": [0, 0, 0.5, 0.5], "texture": "#0"},
				"east": {"uv": [0, 0, 0.5, 0.5], "texture": "#0"},
				"south": {"uv": [0, 0, 0.5, 0.5], "texture": "#0"},
				"west": {"uv": [0, 0, 0.5, 0.5], "texture": "#0"},
				"up": {"uv": [0, 0, 0.5, 0.5], "texture": "#0"},
				"down": {"uv": [0, 0, 0.5, 0.5], "texture": "#0"}
			}
		},
		{
			"from": [-1.5625, 3, 2.4375],
			"to": [-0.5625, 7, 3],
			"rotation": {"angle": 0, "axis": "y", "origin": [6.4375, 14, 10]},
			"faces": {
				"north": {"uv": [0, 0, 1.5, 10], "texture": "#0"},
				"east": {"uv": [0, 0, 0.28125, 2], "texture": "#0"},
				"south": {"uv": [0, 0, 0.5, 2], "texture": "#0"},
				"west": {"uv": [0, 0, 0.2815, 2], "texture": "#0"},
				"up": {"uv": [0, 0, 0.5, 0.28125], "texture": "#0"},
				"down": {"uv": [0, 0, 0.5, 0.28125], "texture": "#0"}
			}
		},
		{
			"from": [-1.5625, 3, 11],
			"to": [-0.5625, 7, 11.5625],
			"rotation": {"angle": 0, "axis": "y", "origin": [6.4375, 14, 18.5625]},
			"faces": {
				"north": {"uv": [0, 0, 0.5, 2], "texture": "#0"},
				"east": {"uv": [0, 0, 0.28125, 2], "texture": "#0"},
				"south": {"uv": [0, 0, 0.5, 11], "texture": "#0"},
				"west": {"uv": [0, 0, 0.28125, 2], "texture": "#0"},
				"up": {"uv": [0, 0, 0.5, 0.28125], "texture": "#0"},
				"down": {"uv": [0, 0, 0.5, 0.28125], "texture": "#0"}
			}
		},
		{
			"from": [-5, 1.5625, 5],
			"to": [-4, 3.5, 7.25],
			"rotation": {"angle": 0, "axis": "y", "origin": [3, 9.5625, 14]},
			"faces": {
				"north": {"uv": [0, 0, 0.5, 0.96875], "texture": "#0"},
				"east": {"uv": [0, 0, 1.125, 0.96875], "texture": "#0"},
				"south": {"uv": [0, 0, 0.5, 0.96875], "texture": "#0"},
				"west": {"uv": [0, 0, 16, 16], "texture": "#0"},
				"up": {"uv": [0, 0, 0.5, 1.125], "texture": "#0"},
				"down": {"uv": [0, 0, 0.5, 1.125], "texture": "#0"}
			}
		},
		{
			"from": [-4.9375, -0.4375, 5.5625],
			"to": [-4.1875, 1.5625, 6.5625],
			"rotation": {"angle": 0, "axis": "y", "origin": [2.8125, 8.5625, 13.5625]},
			"faces": {
				"north": {"uv": [0, 0, 0.375, 1], "texture": "#0"},
				"east": {"uv": [0, 0, 0.5, 1], "texture": "#0"},
				"south": {"uv": [0, 0, 0.375, 1], "texture": "#0"},
				"west": {"uv": [0, 0, 4.5, 9], "texture": "#0"},
				"up": {"uv": [0, 0, 0.375, 0.5], "texture": "#0"},
				"down": {"uv": [0, 0, 0.375, 0.5], "texture": "#0"}
			}
		},
		{
			"from": [-7.9375, -1.4375, 0.875],
			"to": [-7.0625, -0.4375, 7.875],
			"rotation": {"angle": -22.5, "axis": "y", "origin": [0.0625, 6.5625, 14.875]},
			"faces": {
				"north": {"uv": [0, 0, 0.4375, 0.5], "texture": "#0"},
				"east": {"uv": [0, 0, 3.5, 0.5], "texture": "#0"},
				"south": {"uv": [0, 0, 0.4375, 0.5], "texture": "#0"},
				"west": {"uv": [0, 0, 2, 13], "texture": "#0"},
				"up": {"uv": [0, 0, 0.4375, 3.5], "texture": "#0"},
				"down": {"uv": [0, 0, 0.4375, 3.5], "texture": "#0"}
			}
		},
		{
			"from": [-5.0625, -1.4375, 5.5],
			"to": [-4.0625, -0.4375, 6.5625],
			"rotation": {"angle": 0, "axis": "y", "origin": [2.9375, 6.5625, 13.5]},
			"faces": {
				"north": {"uv": [0, 0, 0.5, 0.5], "texture": "#1"},
				"east": {"uv": [0, 0, 0.53125, 0.5], "texture": "#1"},
				"south": {"uv": [0, 0, 0.5, 0.5], "texture": "#1"},
				"west": {"uv": [0, 0, 16, 16], "texture": "#1"},
				"up": {"uv": [0, 0, 0.5, 0.53125], "texture": "#1"},
				"down": {"uv": [0, 0, 0.5, 0.53125], "texture": "#1"}
			}
		},
		{
			"from": [-5.625, -1.875, -2.0625],
			"to": [-3.4375, 0.0625, 1.875],
			"rotation": {"angle": -22.5, "axis": "y", "origin": [2.0625, 6.125, 7.5]},
			"faces": {
				"north": {"uv": [0, 0, 16, 16], "texture": "#2"},
				"east": {"uv": [0, 0, 16, 16], "texture": "#2"},
				"south": {"uv": [0, 0, 15.094, 11.969], "texture": "#2"},
				"west": {"uv": [1, 2, 16, 16], "texture": "#2"},
				"up": {"uv": [0, 0, 16, 16], "texture": "#2"},
				"down": {"uv": [0, 0, 16, 16], "texture": "#2"}
			}
		}
	],
	"display": {
		"thirdperson_righthand": {
			"rotation": [98, 0, 0],
			"translation": [-0.25, -1.5, -1.5],
			"scale": [0.24102, 0.32, 0.32]
		},
		"thirdperson_lefthand": {
			"rotation": [98, 0, 0],
			"translation": [-0.25, -1.5, -1.5],
			"scale": [0.24102, 0.32, 0.32]
		},
		"firstperson_righthand": {
			"translation": [1.75, 4, 0],
			"scale": [0.45633, 0.48, 0.34]
		},
		"firstperson_lefthand": {
			"translation": [1.75, 4, 0],
			"scale": [0.45633, 0.48, 0.34]
		},
		"ground": {
			"translation": [0, 8.25, 0],
			"scale": [0.72164, 0.83, 0.81]
		},
		"gui": {
			"translation": [0.25, 0.75, 0],
			"scale": [0.5, 0.66, 0.66]
		},
		"head": {
			"translation": [0, 3.75, 0],
			"scale": [0.93, 0.93945, 1]
		},
		"fixed": {
			"translation": [0, 2.25, -2],
			"scale": [1, 1, 0.6875]
		}
	},
	"groups": [
		{
			"name": "both",
			"origin": [23, 8, 12],
			"children": [
				{
					"name": "muff",
					"origin": [23, 8, 12],
					"children": [0, 1, 2]
				},
				{
					"name": "stereo",
					"origin": [8, 15, 8],
					"children": [3, 4, 5]
				}
			]
		},
		{
			"name": "both",
			"origin": [23, 8, 12],
			"children": [
				{
					"name": "muff",
					"origin": [23, 8, 12],
					"children": [6, 7, 8]
				},
				{
					"name": "stereo",
					"origin": [8, 15, 8],
					"children": [9, 10, 11]
				}
			]
		},
		{
			"name": "holder",
			"origin": [24.4375, 14, 10],
			"children": [12, 13, 14, 15, 16]
		},
		{
			"name": "handler",
			"origin": [24.4375, 14, 10],
			"children": [17, 18, 19, 20, 21, 22]
		},
		{
			"name": "handler",
			"origin": [24.4375, 14, 10],
			"children": [23, 24, 25, 26, 27, 28]
		}, 29, 30, 31, 32, 33]
}