{
	"credit": "Made with Blockbench",
	"textures": {
		"0": "toppat/purble",
		"2": "toppat/bethgreen",
		"3": "toppat/bethgray",
		"4": "toppat/bethstripe",
		"5": "toppat/silver",
		"6": "toppat/emblemtop",
		"7": "toppat/emblembottom",
		"particle": "toppat/purble"
	},
	"elements": [
		{
			"from": [-3, -0.5625, -1.625],
			"to": [19, 1, 16.9375],
			"faces": {
				"north": {"uv": [0, 0, 16, 16], "texture": "#3"},
				"east": {"uv": [0, 0, 16, 16], "texture": "#3"},
				"south": {"uv": [0, 0, 16, 16], "texture": "#3"},
				"west": {"uv": [0, 0, 16, 16], "texture": "#3"},
				"up": {"uv": [0, 0, 16, 16], "texture": "#3"},
				"down": {"uv": [0, 0, 16, 16], "texture": "#3"}
			}
		},
		{
			"from": [2, 0.875, 2],
			"to": [14, 17.875, 13],
			"rotation": {"angle": 0, "axis": "y", "origin": [19, 9.875, 20]},
			"faces": {
				"north": {"uv": [0, 0, 16, 16], "texture": "#4"},
				"east": {"uv": [0, 0, 16, 16], "texture": "#4"},
				"south": {"uv": [0, 0, 16, 16], "texture": "#4"},
				"west": {"uv": [0, 0, 16, 16], "texture": "#4"},
				"up": {"uv": [0, 0, 16, 16], "texture": "#2"},
				"down": {"uv": [0, 0, 32, 32], "texture": "#0"}
			}
		},
		{
			"from": [3, 17.9375, 2.8125],
			"to": [13, 19.9375, 12.0625],
			"rotation": {"angle": 0, "axis": "y", "origin": [19, 17.9375, 21]},
			"faces": {
				"north": {"uv": [0, 0, 16, 16], "texture": "#2"},
				"east": {"uv": [0, 0, 16, 16], "texture": "#2"},
				"south": {"uv": [0, 0, 16, 16], "texture": "#2"},
				"west": {"uv": [0, 0, 16, 16], "texture": "#2"},
				"up": {"uv": [0, 0, 16, 16], "texture": "#2"},
				"down": {"uv": [0, 0, 32, 32], "texture": "#2"}
			}
		},
		{
			"from": [6.3125, 3.0625, 1],
			"to": [9.6875, 4.6875, 2],
			"rotation": {"angle": 0, "axis": "y", "origin": [17.1875, 11, 9]},
			"faces": {
				"north": {"uv": [0, 0, 16, 16], "texture": "#6"},
				"east": {"uv": [0, 0, 16, 16], "texture": "#5"},
				"south": {"uv": [0, 0, 3.375, 1.625], "texture": "#7"},
				"west": {"uv": [0, 0, 16, 15.625], "texture": "#5"},
				"up": {"uv": [1, 0, 14.375, 7], "texture": "#6"},
				"down": {"uv": [0, 0, 3.375, 1], "texture": "#5"}
			}
		},
		{
			"from": [7.125, 1.4375, 1],
			"to": [8.8125, 3.0625, 2],
			"rotation": {"angle": 0, "axis": "y", "origin": [16.3125, 9.375, 9]},
			"faces": {
				"north": {"uv": [0, 0, 16, 16], "texture": "#7"},
				"east": {"uv": [0, 0, 1, 1.625], "texture": "#5"},
				"south": {"uv": [0, 0, 1.6875, 1.625], "texture": "#5"},
				"west": {"uv": [0, 0, 16, 16], "texture": "#5"},
				"up": {"uv": [0, 0, 1.6875, 1], "texture": "#5"},
				"down": {"uv": [0, 0, 1.6875, 1], "texture": "#5"}
			}
		}
	],
	"display": {
		"thirdperson_righthand": {
			"translation": [0, 0, -1],
			"scale": [0.31, 0.31, 0.31]
		},
		"thirdperson_lefthand": {
			"translation": [0, 0, -1],
			"scale": [0.31, 0.31, 0.31]
		},
		"firstperson_righthand": {
			"rotation": [0, -180, 0],
			"translation": [1.25, 3.75, -1],
			"scale": [0.46, 0.42, 0.31]
		},
		"firstperson_lefthand": {
			"rotation": [0, -180, 0],
			"translation": [1.25, 3.75, -1],
			"scale": [0.46, 0.42, 0.31]
		},
		"ground": {
			"translation": [0, 7, 0],
			"scale": [0.71, 0.7, 0.69]
		},
		"gui": {
			"rotation": [0, -180, 0],
			"translation": [0.25, -0.5, 0],
			"scale": [0.59, 0.58, 0.59]
		},
		"head": {
			"translation": [0.25, 13.25, 0],
			"scale": [0.9, 0.82227, 0.88]
		},
		"fixed": {
			"rotation": [-90, 0, 0],
			"translation": [0, 0, -8.5]
		}
	},
	"groups": [
		{
			"name": "group",
			"origin": [8, 8, 8],
			"children": [0, 1, 2,
				{
					"name": "emblem",
					"origin": [17, 11, 9],
					"children": [3, 4]
				}
			]
		}
	]
}