{
	"credit": "Made with Blockbench",
	"textures": {
		"0": "toppat/grayhandle",
		"1": "toppat/redbarrel",
		"2": "toppat/blastoutput",
		"3": "toppat/blastoutcome",
		"4": "toppat/redhandel",
		"5": "toppat/redgunner",
		"particle": "toppat/grayhandle"
	},
	"elements": [
		{
			"from": [6.625, 4.5, 12.375],
			"to": [8.75, 7.8125, 21],
			"rotation": {"angle": 0, "axis": "y", "origin": [15.5625, 14, 22]},
			"faces": {
				"north": {"uv": [0, 0, 2.1875, 3.3125], "texture": "#0"},
				"east": {"uv": [0, 0, 16, 16], "texture": "#0"},
				"south": {"uv": [0, 0, 2.1875, 3.3125], "texture": "#0"},
				"west": {"uv": [0, 0, 8.625, 3.3125], "texture": "#0"},
				"up": {"uv": [0, 0, 16, 16], "texture": "#0"},
				"down": {"uv": [0, 0, 16, 16], "texture": "#0"}
			}
		},
		{
			"from": [6.625, 2.4375, 18.625],
			"to": [8.75, 4.5, 21.0625],
			"rotation": {"angle": 0, "axis": "y", "origin": [15.0625, 11.5, 28.0625]},
			"faces": {
				"north": {"uv": [0, 0, 1.875, 3], "texture": "#0"},
				"east": {"uv": [0, 0, 16, 16], "texture": "#0"},
				"south": {"uv": [0, 0, 1.875, 3], "texture": "#0"},
				"west": {"uv": [0, 0, 3, 3], "texture": "#0"},
				"up": {"uv": [0, 0, 1.875, 3], "texture": "#0"},
				"down": {"uv": [0, 0, 1.875, 3], "texture": "#0"}
			}
		},
		{
			"from": [6.625, 3.5, 16.625],
			"to": [8.75, 4.5, 18.625],
			"rotation": {"angle": 0, "axis": "y", "origin": [15.0625, 11.5, 26.625]},
			"faces": {
				"north": {"uv": [0, 0, 1.875, 3], "texture": "#0"},
				"east": {"uv": [0, 0, 16, 16], "texture": "#0"},
				"south": {"uv": [0, 0, 1.875, 3], "texture": "#0"},
				"west": {"uv": [0, 0, 3, 3], "texture": "#0"},
				"up": {"uv": [0, 0, 1.875, 3], "texture": "#0"},
				"down": {"uv": [0, 0, 16, 16], "texture": "#0"}
			}
		},
		{
			"from": [4.625, 4.75, 4.0625],
			"to": [10.625, 8.375, 12.375],
			"rotation": {"angle": 0, "axis": "y", "origin": [14.625, 14, 19.375]},
			"faces": {
				"north": {"uv": [0, 0, 16, 16], "texture": "#1"},
				"east": {"uv": [0, 0, 15.313, 8.938], "texture": "#1"},
				"south": {"uv": [0, 0, 16, 7.938], "texture": "#1"},
				"west": {"uv": [0, 0, 16, 16], "texture": "#1"},
				"up": {"uv": [0, 0, 16, 16], "texture": "#1"},
				"down": {"uv": [0, 0, 6, 8.3125], "texture": "#1"}
			}
		},
		{
			"from": [8.875, 8.375, 5],
			"to": [9.5, 9, 5.5],
			"rotation": {"angle": 0, "axis": "y", "origin": [16.5, 16.375, 13]},
			"faces": {
				"north": {"uv": [0, 0, 16, 16], "texture": "#1"},
				"east": {"uv": [0, 0, 16, 16], "texture": "#1"},
				"south": {"uv": [0, 0, 16, 16], "texture": "#1"},
				"west": {"uv": [0, 0, 16, 16], "texture": "#1"},
				"up": {"uv": [0, 0, 16, 16], "texture": "#1"},
				"down": {"uv": [0, 0, 16, 16], "texture": "#1"}
			}
		},
		{
			"from": [5.5, 8.375, 5],
			"to": [6.125, 9, 5.5],
			"rotation": {"angle": 0, "axis": "y", "origin": [13.125, 16.375, 13]},
			"faces": {
				"north": {"uv": [0, 0, 16, 16], "texture": "#1"},
				"east": {"uv": [0, 0, 16, 16], "texture": "#1"},
				"south": {"uv": [0, 0, 16, 16], "texture": "#1"},
				"west": {"uv": [0, 0, 16, 16], "texture": "#1"},
				"up": {"uv": [0, 0, 16, 16], "texture": "#1"},
				"down": {"uv": [0, 0, 16, 16], "texture": "#1"}
			}
		},
		{
			"from": [10.625, 4.75, 4.0625],
			"to": [11.0625, 6.8125, 7.8125],
			"rotation": {"angle": 0, "axis": "y", "origin": [21.5625, 13.8125, 13.375]},
			"faces": {
				"north": {"uv": [0, 0, 16, 16], "texture": "#0"},
				"east": {"uv": [0, 0, 16, 16], "texture": "#0"},
				"south": {"uv": [0, 0, 1, 2], "texture": "#0"},
				"west": {"uv": [0, 0, 3.1875, 2], "texture": "#0"},
				"up": {"uv": [0, 0, 16, 16], "texture": "#0"},
				"down": {"uv": [0, 0, 1, 3.1875], "texture": "#0"}
			}
		},
		{
			"from": [4.1875, 4.75, 3.625],
			"to": [11.0625, 6.8125, 4.0625],
			"rotation": {"angle": 0, "axis": "y", "origin": [1.75, 13.8125, 14.5625]},
			"faces": {
				"north": {"uv": [0, 0, 3.1875, 2], "texture": "#0"},
				"east": {"uv": [0, 0, 16, 16], "texture": "#0"},
				"south": {"uv": [0, 0, 16, 16], "texture": "#0"},
				"west": {"uv": [0, 0, 1, 2], "texture": "#0"},
				"up": {"uv": [0, 0, 16, 16], "rotation": 90, "texture": "#0"},
				"down": {"uv": [0, 0, 1, 3.1875], "rotation": 270, "texture": "#0"}
			}
		},
		{
			"from": [9.625, 3.6875, 4.0625],
			"to": [10.875, 4.75, 7.8125],
			"rotation": {"angle": 0, "axis": "y", "origin": [20.5625, 11.6875, 13.375]},
			"faces": {
				"north": {"uv": [0, 0, 16, 16], "texture": "#0"},
				"east": {"uv": [0, 0, 16, 16], "texture": "#0"},
				"south": {"uv": [0, 0, 16, 16], "texture": "#0"},
				"west": {"uv": [0, 0, 3.1875, 2], "texture": "#0"},
				"up": {"uv": [0, 0, 16, 16], "texture": "#0"},
				"down": {"uv": [0, 0, 1, 3.1875], "texture": "#0"}
			}
		},
		{
			"from": [4.25, 3.6875, 4.0625],
			"to": [5.5, 4.75, 7.8125],
			"rotation": {"angle": 0, "axis": "y", "origin": [15.1875, 11.6875, 13.375]},
			"faces": {
				"north": {"uv": [0, 0, 16, 16], "texture": "#0"},
				"east": {"uv": [0, 0, 16, 16], "texture": "#0"},
				"south": {"uv": [0, 0, 16, 16], "texture": "#0"},
				"west": {"uv": [0, 0, 3.1875, 2], "texture": "#0"},
				"up": {"uv": [0, 0, 16, 16], "texture": "#0"},
				"down": {"uv": [0, 0, 1, 3.1875], "texture": "#0"}
			}
		},
		{
			"from": [5.5, 2.8125, -4],
			"to": [9.75, 4.8125, 7.8125],
			"rotation": {"angle": 0, "axis": "y", "origin": [21.5625, 11.8125, 13.375]},
			"faces": {
				"north": {"uv": [0, 0, 16, 16], "texture": "#0"},
				"east": {"uv": [0, 0, 16, 16], "texture": "#0"},
				"south": {"uv": [0, 0, 16, 16], "texture": "#0"},
				"west": {"uv": [0, 0, 16, 16], "texture": "#0"},
				"up": {"uv": [0, 0, 16, 16], "texture": "#0"},
				"down": {"uv": [0, 0, 1, 3.1875], "texture": "#0"}
			}
		},
		{
			"from": [5.5, 4.8125, -4],
			"to": [9.75, 5.75, 4.125],
			"rotation": {"angle": 0, "axis": "y", "origin": [21.5625, 13.8125, 13.375]},
			"faces": {
				"north": {"uv": [0, 14, 16, 16], "texture": "#0"},
				"east": {"uv": [0, 0, 16, 13], "texture": "#0"},
				"south": {"uv": [0, 0, 1, 2], "texture": "#0"},
				"west": {"uv": [0, 0, 16, 16], "texture": "#0"},
				"up": {"uv": [0, 0, 16, 16], "texture": "#0"},
				"down": {"uv": [0, 0, 1, 3.1875], "texture": "#0"}
			}
		},
		{
			"from": [4.1875, 4.6875, 4.0625],
			"to": [4.625, 6.8125, 7.8125],
			"rotation": {"angle": 0, "axis": "y", "origin": [15.125, 13.8125, 13.375]},
			"faces": {
				"north": {"uv": [0, 0, 16, 16], "texture": "#0"},
				"east": {"uv": [0, 0, 16, 16], "texture": "#0"},
				"south": {"uv": [0, 0, 16, 16], "texture": "#0"},
				"west": {"uv": [0, 0, 16, 16], "texture": "#0"},
				"up": {"uv": [0, 0, 16, 16], "texture": "#0"},
				"down": {"uv": [0, 0, 1, 3.1875], "texture": "#0"}
			}
		},
		{
			"from": [5.6875, 2.75, -4.625],
			"to": [9.4375, 5.8125, -4],
			"rotation": {"angle": 0, "axis": "y", "origin": [15.375, 11, 3]},
			"faces": {
				"north": {"uv": [10, 4, 13.75, 8.063], "texture": "#2"},
				"east": {"uv": [0, 0, 0.625, 5.0625], "texture": "#2"},
				"south": {"uv": [0, 0, 16, 16], "texture": "#2"},
				"west": {"uv": [0, 0, 0.625, 5.0625], "texture": "#2"},
				"up": {"uv": [0, 0, 5.75, 0.625], "texture": "#2"},
				"down": {"uv": [0, 0, 5.75, 0.625], "texture": "#2"}
			}
		},
		{
			"from": [5.6875, 5.8125, -6.75],
			"to": [9.4375, 6.25, -4],
			"rotation": {"angle": 0, "axis": "y", "origin": [15.375, 14.0625, 3]},
			"faces": {
				"north": {"uv": [0, 0, 16, 16], "texture": "#2"},
				"east": {"uv": [0, 0, 0.625, 5.0625], "texture": "#2"},
				"south": {"uv": [0, 0, 16, 16], "texture": "#2"},
				"west": {"uv": [0, 0, 0.625, 5.0625], "texture": "#2"},
				"up": {"uv": [0, 0, 16, 16], "texture": "#2"},
				"down": {"uv": [0, 0, 16, 16], "texture": "#2"}
			}
		},
		{
			"from": [5.6875, 2.3125, -6.75],
			"to": [9.4375, 2.75, -4],
			"rotation": {"angle": 0, "axis": "y", "origin": [15.375, 10.5625, 3]},
			"faces": {
				"north": {"uv": [0, 0, 15.75, 15.063], "texture": "#2"},
				"east": {"uv": [0, 0, 0.625, 5.0625], "texture": "#2"},
				"south": {"uv": [0, 0, 16, 16], "texture": "#2"},
				"west": {"uv": [0, 0, 0.625, 5.0625], "texture": "#2"},
				"up": {"uv": [0, 0, 16, 16], "texture": "#2"},
				"down": {"uv": [0, 0, 16, 16], "texture": "#2"}
			}
		},
		{
			"from": [9.4375, 2.75, -6.75],
			"to": [9.875, 5.8125, -4],
			"rotation": {"angle": 0, "axis": "y", "origin": [17.6875, -3.5625, 3]},
			"faces": {
				"north": {"uv": [0, 0, 5.75, 5.0625], "rotation": 270, "texture": "#2"},
				"east": {"uv": [0, 0, 15.75, 15.625], "rotation": 90, "texture": "#2"},
				"south": {"uv": [0, 0, 16, 16], "rotation": 90, "texture": "#2"},
				"west": {"uv": [0, 0, 16, 16], "rotation": 90, "texture": "#2"},
				"up": {"uv": [0, 0, 0.625, 5.0625], "rotation": 90, "texture": "#2"},
				"down": {"uv": [0, 0, 0.625, 5.0625], "rotation": 90, "texture": "#2"}
			}
		},
		{
			"from": [5.3125, 2.75, -6.75],
			"to": [5.6875, 5.8125, -4],
			"rotation": {"angle": 0, "axis": "y", "origin": [13.5, -3.5625, 3]},
			"faces": {
				"north": {"uv": [0, 0, 5.75, 5.0625], "rotation": 270, "texture": "#2"},
				"east": {"uv": [0, 0, 16, 16], "rotation": 90, "texture": "#2"},
				"south": {"uv": [0, 0, 16, 16], "rotation": 90, "texture": "#2"},
				"west": {"uv": [0, 0, 16, 16], "rotation": 90, "texture": "#2"},
				"up": {"uv": [0, 0, 0.625, 5.0625], "rotation": 90, "texture": "#2"},
				"down": {"uv": [0, 0, 0.625, 5.0625], "rotation": 90, "texture": "#2"}
			}
		},
		{
			"from": [7.0625, 3.875, -6],
			"to": [7.875, 4.5625, -4.875],
			"rotation": {"angle": 0, "axis": "y", "origin": [15, 11.75, 2.125]},
			"faces": {
				"north": {"uv": [0, 0, 16, 16], "texture": "#3"},
				"east": {"uv": [0, 0, 1.125, 0.6875], "texture": "#3"},
				"south": {"uv": [0, 0, 0.8125, 0.6875], "texture": "#3"},
				"west": {"uv": [0, 0, 1.125, 0.6875], "texture": "#3"},
				"up": {"uv": [0, 0, 0.8125, 1.125], "texture": "#3"},
				"down": {"uv": [0, 0, 0.8125, 1.125], "texture": "#3"}
			}
		},
		{
			"from": [6.0625, 5.8125, -3.5],
			"to": [9.0625, 7.1875, 4.5625],
			"rotation": {"angle": 0, "axis": "y", "origin": [16.0625, 15.0625, 11.8125]},
			"faces": {
				"north": {"uv": [0, 0, 16, 16], "texture": "#1"},
				"east": {"uv": [0, 0, 15.313, 15.938], "texture": "#1"},
				"south": {"uv": [0, 0, 16, 16], "texture": "#1"},
				"west": {"uv": [0, 0, 16, 16], "texture": "#1"},
				"up": {"uv": [0, 0, 16, 16], "texture": "#1"},
				"down": {"uv": [0, 0, 16, 16], "texture": "#1"}
			}
		},
		{
			"from": [7, 7.1875, -5],
			"to": [8, 8.125, 4.0625],
			"rotation": {"angle": 0, "axis": "y", "origin": [15, 15.1875, 9]},
			"faces": {
				"north": {"uv": [6, 0, 7, 0.938], "texture": "#5"},
				"east": {"uv": [0, 0, 16, 3], "texture": "#5"},
				"south": {"uv": [0, 0, 1, 0.9375], "texture": "#5"},
				"west": {"uv": [0, 6, 16, 10], "texture": "#5"},
				"up": {"uv": [6, 0, 10, 15.063], "texture": "#5"},
				"down": {"uv": [6, 1, 10, 16], "texture": "#5"}
			}
		},
		{
			"from": [7.1875, 7.375, -12.875],
			"to": [7.8125, 8, -4.9375],
			"rotation": {"angle": 0, "axis": "y", "origin": [15, 15.1875, 0]},
			"faces": {
				"north": {"uv": [0, 0, 16, 15.938], "texture": "#0"},
				"east": {"uv": [0, 0, 16, 16], "texture": "#1"},
				"south": {"uv": [0, 0, 1, 0.9375], "texture": "#1"},
				"west": {"uv": [0, 0, 14.0625, 0.9375], "texture": "#1"},
				"up": {"uv": [0, 0, 1, 14.0625], "texture": "#1"},
				"down": {"uv": [0, 0, 1, 14.0625], "texture": "#1"}
			}
		},
		{
			"from": [7.3125, -0.25, 10.625],
			"to": [8.25, 0.75, 15.5],
			"rotation": {"angle": 0, "axis": "y", "origin": [15, 7.75, 21.625]},
			"faces": {
				"north": {"uv": [0, 0, 16, 16], "texture": "#4"},
				"east": {"uv": [0, 0, 16, 16], "texture": "#4"},
				"south": {"uv": [0, 0, 16, 16], "texture": "#4"},
				"west": {"uv": [0, 0, 16, 16], "texture": "#4"},
				"up": {"uv": [0, 0, 16, 16], "texture": "#4"},
				"down": {"uv": [0, 0, 16, 16], "texture": "#4"}
			}
		},
		{
			"from": [7.3125, -6.5625, 9.6875],
			"to": [8.1875, -5.5625, 14.625],
			"rotation": {"angle": 45, "axis": "x", "origin": [15, 1.4375, 20.25]},
			"faces": {
				"north": {"uv": [0, 0, 16, 16], "texture": "#4"},
				"east": {"uv": [0, 0, 16, 16], "texture": "#4"},
				"south": {"uv": [0, 0, 16, 16], "texture": "#4"},
				"west": {"uv": [0, 0, 16, 16], "texture": "#4"},
				"up": {"uv": [0, 0, 16, 16], "texture": "#4"},
				"down": {"uv": [0, 0, 16, 16], "texture": "#4"}
			}
		},
		{
			"from": [7.3125, -8.6875, 9.0625],
			"to": [8.3125, -1.5625, 10.0625],
			"rotation": {"angle": -45, "axis": "x", "origin": [15, 3.3125, 2.0625]},
			"faces": {
				"north": {"uv": [0, 0, 16, 16], "rotation": 180, "texture": "#4"},
				"east": {"uv": [0, 0, 16, 16], "rotation": 90, "texture": "#4"},
				"south": {"uv": [0, 0, 16, 16], "texture": "#4"},
				"west": {"uv": [0, 0, 16, 16], "rotation": 270, "texture": "#4"},
				"up": {"uv": [0, 0, 16, 16], "texture": "#4"},
				"down": {"uv": [0, 0, 16, 16], "rotation": 180, "texture": "#4"}
			}
		},
		{
			"from": [7.375, 6.0625, 13.9375],
			"to": [8.375, 7.3125, 14.1875],
			"rotation": {"angle": 22.5, "axis": "x", "origin": [15.5, 14.9375, 6.1875]},
			"faces": {
				"north": {"uv": [0, 0, 16, 16], "rotation": 180, "texture": "#0"},
				"east": {"uv": [0, 0, 1.25, 0.25], "rotation": 90, "texture": "#0"},
				"south": {"uv": [0, 0, 16, 16], "texture": "#0"},
				"west": {"uv": [0, 0, 1.25, 0.25], "rotation": 270, "texture": "#0"},
				"up": {"uv": [0, 0, 1, 0.25], "texture": "#0"},
				"down": {"uv": [0, 0, 1, 0.25], "rotation": 180, "texture": "#0"}
			}
		}
	],
	"display": {
		"thirdperson_righthand": {
			"rotation": [60, 0, 0],
			"translation": [0, 0, 2.5],
			"scale": [0.61, 0.63, 0.63]
		},
		"thirdperson_lefthand": {
			"translation": [0, 0, -1],
			"scale": [0.72, 0.74, 0.73]
		},
		"firstperson_righthand": {
			"rotation": [3, 0, 0],
			"translation": [0.25, 6.75, 0],
			"scale": [0.81, 0.81, 0.8]
		},
		"firstperson_lefthand": {
			"rotation": [3, 0, 0],
			"translation": [0.25, 6.75, 0],
			"scale": [0.81, 0.81, 0.8]
		},
		"ground": {
			"translation": [0, 6.5, 0]
		},
		"gui": {
			"rotation": [-53, 76, 48],
			"translation": [1, 1.25, 0],
			"scale": [0.41, 0.41, 0.41]
		}
	},
	"groups": [
		{
			"name": "macbang",
			"origin": [14.625, 12.0625, 19.375],
			"children": [
				{
					"name": "veryback",
					"origin": [8, 8, 8],
					"children": [0, 1, 2]
				},
				{
					"name": "ammo",
					"origin": [8, 8, 8],
					"children": [3, 4, 5]
				},
				{
					"name": "laser",
					"origin": [8, 8, 8],
					"children": [6, 7, 8, 9, 10, 11, 12,
						{
							"name": "output",
							"origin": [15.375, 11, 3],
							"children": [13, 14, 15, 16, 17, 18]
						}
					]
				},
				{
					"name": "gun",
					"origin": [8, 8, 8],
					"children": [19, 20, 21]
				},
				{
					"name": "handle",
					"origin": [8, 8, 8],
					"children": [22, 23, 24, 25]
				}
			]
		}
	]
}