{
	"credit": "Made with Blockbench",
	"textures": {
		"0": "nrg/blue",
		"1": "nrg/blue2",
		"2": "nrg/blue3",
		"3": "nrg/cap",
		"4": "nrg/label",
		"particle": "nrg/blue"
	},
	"elements": [
		{
			"from": [4, 0, 3.25],
			"to": [13, 10, 12.25],
			"rotation": {"angle": 0, "axis": "y", "origin": [12, 8, 12.25]},
			"faces": {
				"north": {"uv": [0, 0, 9, 10], "texture": "#2"},
				"east": {"uv": [0, 0, 9, 10], "texture": "#1"},
				"south": {"uv": [0, 0, 9, 10], "texture": "#0"},
				"west": {"uv": [0, 0, 9, 10], "texture": "#2"},
				"up": {"uv": [0, 0, 9, 9], "texture": "#1"},
				"down": {"uv": [0, 0, 9, 9], "texture": "#0"}
			}
		},
		{
			"from": [6.9375, 15.6875, 5.875],
			"to": [10.4375, 18, 9.375],
			"rotation": {"angle": 0, "axis": "y", "origin": [15.9375, 24.5, 14.875]},
			"faces": {
				"north": {"uv": [0, 0, 3.5, 2.3125], "texture": "#3"},
				"east": {"uv": [0, 0, 3.5, 2.3125], "texture": "#3"},
				"south": {"uv": [0, 0, 3.5, 2.3125], "texture": "#3"},
				"west": {"uv": [0, 0, 3.5, 2.3125], "texture": "#3"},
				"up": {"uv": [0, 0, 3.5, 3.5], "texture": "#3"},
				"down": {"uv": [0, 0, 3.5, 3.5], "texture": "#3"}
			}
		},
		{
			"from": [7.125, 10, 6.1875],
			"to": [10.125, 16, 9.1875],
			"rotation": {"angle": 0, "axis": "y", "origin": [19.5, 19, 20.6875]},
			"faces": {
				"north": {"uv": [0, 0, 3, 6], "texture": "#1"},
				"east": {"uv": [0, 0, 3, 6], "texture": "#2"},
				"south": {"uv": [0, 0, 3, 6], "texture": "#0"},
				"west": {"uv": [0, 0, 3, 6], "texture": "#0"},
				"up": {"uv": [0, 0, 3, 3], "texture": "#1"},
				"down": {"uv": [0, 0, 3, 3], "texture": "#1"}
			}
		},
		{
			"from": [4, 1.5625, 3],
			"to": [13.0628, 9, 3.25],
			"rotation": {"angle": 0, "axis": "y", "origin": [19, 14, 10.0625]},
			"faces": {
				"north": {"uv": [0, 0, 9.0628, 7.4375], "texture": "#4"},
				"east": {"uv": [0, 0, 0.25, 7.4375], "texture": "#4"},
				"south": {"uv": [0, 0, 9.0628, 7.4375], "texture": "#4"},
				"west": {"uv": [0, 0, 0.25, 7.4375], "texture": "#4"},
				"up": {"uv": [0, 0, 9.0628, 0.25], "texture": "#4"},
				"down": {"uv": [0, 0, 9.0628, 0.25], "texture": "#4"}
			}
		},
		{
			"from": [12.9375, 1.5625, 2.9997],
			"to": [13.1875, 9, 12.5],
			"rotation": {"angle": 0, "axis": "y", "origin": [20, 14, -2.4375]},
			"faces": {
				"north": {"uv": [0, 0, 0.25, 7.4375], "texture": "#4"},
				"east": {"uv": [0, 0, 9.5003, 7.4375], "texture": "#4"},
				"south": {"uv": [0, 0, 0.25, 7.4375], "texture": "#4"},
				"west": {"uv": [0, 0, 9.5003, 7.4375], "texture": "#4"},
				"up": {"uv": [0, 0, 9.5003, 0.25], "rotation": 270, "texture": "#4"},
				"down": {"uv": [0, 0, 9.5003, 0.25], "rotation": 90, "texture": "#4"}
			}
		},
		{
			"from": [3.9375, 1.5625, 12.25],
			"to": [13.0003, 9, 12.5],
			"rotation": {"angle": 0, "axis": "y", "origin": [15.9375, 13, 20.25]},
			"faces": {
				"north": {"uv": [0, 0, 9.0628, 7.4375], "texture": "#4"},
				"east": {"uv": [0, 0, 0.25, 7.4375], "texture": "#4"},
				"south": {"uv": [0, 0, 9.0628, 7.4375], "texture": "#4"},
				"west": {"uv": [0, 0, 0.25, 7.4375], "texture": "#4"},
				"up": {"uv": [0, 0, 9.0628, 0.25], "texture": "#4"},
				"down": {"uv": [0, 0, 9.0628, 0.25], "texture": "#4"}
			}
		},
		{
			"from": [3.875, 1.5625, 3.25],
			"to": [4.125, 9, 12.3125],
			"rotation": {"angle": 0, "axis": "y", "origin": [11.125, 9.5625, 16]},
			"faces": {
				"north": {"uv": [0, 0, 0.25, 7.4375], "texture": "#4"},
				"east": {"uv": [0, 0, 9.0625, 7.4375], "texture": "#4"},
				"south": {"uv": [0, 0, 0.25, 7.4375], "texture": "#4"},
				"west": {"uv": [0, 0, 9.0625, 7.4375], "texture": "#4"},
				"up": {"uv": [0, 0, 0.25, 9.0625], "texture": "#4"},
				"down": {"uv": [0, 0, 0.25, 9.0625], "texture": "#4"}
			}
		},
		{
			"from": [13, 1.5625, 3.1875],
			"to": [13, 1.5625, 12.25],
			"rotation": {"angle": 0, "axis": "y", "origin": [21, 12.75, 16]},
			"faces": {
				"north": {"uv": [0, 0, 0, 0], "texture": "#missing"},
				"east": {"uv": [0, 0, 9.0625, 0], "texture": "#4"},
				"south": {"uv": [0, 0, 0, 0], "texture": "#missing"},
				"west": {"uv": [0, 0, 9.0625, 0], "texture": "#missing"},
				"up": {"uv": [0, 0, 0, 9.0625], "texture": "#missing"},
				"down": {"uv": [0, 0, 0, 9.0625], "texture": "#missing"}
			}
		}
	],
	"display": {
		"thirdperson_righthand": {
			"translation": [-0.25, 0, 0],
			"scale": [0.4, 0.4, 0.4]
		},
		"thirdperson_lefthand": {
			"translation": [-0.25, 0, 0],
			"scale": [0.4, 0.4, 0.4]
		},
		"firstperson_righthand": {
			"translation": [0.75, 3.75, 0],
			"scale": [0.5, 0.5, 0.5]
		},
		"firstperson_lefthand": {
			"rotation": [0, -146, 0],
			"translation": [0.75, 3.75, 0],
			"scale": [0.5, 0.5, 0.5]
		},
		"ground": {
			"translation": [0, 4, 0],
			"scale": [0.5, 0.51, 0.5]
		},
		"gui": {
			"translation": [0, -1, 0],
			"scale": [0.8, 0.8, 0.8]
		},
		"head": {
			"rotation": [-1, -2, 0],
			"translation": [0, 13.75, 0]
		},
		"fixed": {
			"rotation": [-90, 0, 0],
			"translation": [0, 0, -8.25]
		}
	}
}