{
	"credit": "Made with Blockbench",
	"textures": {
		"0": "misc/punch",
		"particle": "misc/punch"
	},
	"elements": [
		{
			"from": [0, 0, 7],
			"to": [16, 16, 8],
			"rotation": {"angle": 0, "axis": "y", "origin": [8, 8, 15]},
			"faces": {
				"north": {"uv": [0, 0, 16, 16], "texture": "#0"},
				"south": {"uv": [0, 0, 16, 16], "texture": "#0"}
			}
		}
	],
	"display": {
		"thirdperson_righthand": {
			"scale": [0, 0, 0]
		},
		"thirdperson_lefthand": {
			"scale": [0, 0, 0]
		},
		"firstperson_righthand": {
			"rotation": [0, -30, 0],
			"translation": [5.25, 1.5, -3.5],
			"scale": [0.55859, 0.55859, 0.55859]
		},
		"firstperson_lefthand": {
			"rotation": [0, -30, 0],
			"translation": [5.25, 1.5, -3.5],
			"scale": [0.55859, 0.55859, 0.55859]
		},
		"ground": {
			"translation": [0, 5.25, 0]
		},
		"gui": {
			"scale": [0.71484, 0.71484, 0.71484]
		},
		"head": {
			"translation": [0, -5, 0],
			"scale": [0, 0, 0]
		},
		"fixed": {
			"rotation": [0, -180, 0],
			"translation": [0, 0, -0.5]
		}
	}
}