{
	"credit": "Made with Blockbench",
	"textures": {
		"0": "toppat/domeside",
		"1": "toppat/bladeplate",
		"2": "toppat/bladeplate2",
		"particle": "toppat/domeside"
	},
	"elements": [
		{
			"from": [2.5, 0, 4.875],
			"to": [13.5, 1, 11.4375],
			"rotation": {"angle": 0, "axis": "y", "origin": [16, 8, 16]},
			"faces": {
				"north": {"uv": [0, 0, 16, 16], "texture": "#0"},
				"east": {"uv": [0, 0, 16, 16], "texture": "#0"},
				"south": {"uv": [0, 0, 16, 16], "texture": "#0"},
				"west": {"uv": [0, 0, 16, 16], "texture": "#0"},
				"up": {"uv": [0, 0, 16, 16], "texture": "#0"},
				"down": {"uv": [0, 0, 16, 16], "texture": "#0"}
			}
		},
		{
			"from": [3.25, 1, 7.125],
			"to": [12.6875, 8, 9.8125],
			"rotation": {"angle": 0, "axis": "y", "origin": [16, 9, 15.1875]},
			"faces": {
				"north": {"uv": [0, 0, 16, 16], "texture": "#1"},
				"east": {"uv": [1, 0, 2.938, 7], "texture": "#1"},
				"south": {"uv": [0, 0, 16, 16], "texture": "#1"},
				"west": {"uv": [13, 2, 15, 8], "texture": "#1"},
				"up": {"uv": [0, 0, 16, 16], "texture": "#1"},
				"down": {"uv": [3, 0, 12.438, 1.938], "texture": "#1"}
			}
		},
		{
			"from": [3.8125, 8, 7.625],
			"to": [12.125, 10.6875, 9.3125],
			"rotation": {"angle": 0, "axis": "y", "origin": [16, 16, 15.1875]},
			"faces": {
				"north": {"uv": [0, 0, 16, 16], "texture": "#1"},
				"east": {"uv": [1, 0, 2.938, 2.688], "texture": "#2"},
				"south": {"uv": [0, 0, 16, 16], "texture": "#1"},
				"west": {"uv": [4, 0, 5.938, 2.688], "texture": "#2"},
				"up": {"uv": [0, 0, 16, 16], "texture": "#1"},
				"down": {"uv": [3, 0, 12.438, 1.938], "texture": "#missing"}
			}
		},
		{
			"from": [4.5625, 10.6875, 7.75],
			"to": [11.4375, 13.375, 9.25],
			"rotation": {"angle": 0, "axis": "y", "origin": [16, 18.6875, 15.1875]},
			"faces": {
				"north": {"uv": [0, 0, 16, 16], "texture": "#1"},
				"east": {"uv": [1, 0, 2.938, 2.688], "texture": "#2"},
				"south": {"uv": [0, 0, 16, 16], "texture": "#1"},
				"west": {"uv": [1, 0, 2.938, 2.688], "texture": "#2"},
				"up": {"uv": [0, 0, 16, 16], "texture": "#1"},
				"down": {"uv": [3, 0, 12.438, 1.938], "texture": "#missing"}
			}
		},
		{
			"from": [5.6875, 13.375, 8.0625],
			"to": [10.0625, 16.0625, 9],
			"rotation": {"angle": 0, "axis": "y", "origin": [16.0625, 21.375, 15.75]},
			"faces": {
				"north": {"uv": [0, 0, 16, 16], "texture": "#2"},
				"east": {"uv": [1, 0, 2.938, 2.688], "texture": "#2"},
				"south": {"uv": [0, 0, 16, 16], "texture": "#2"},
				"west": {"uv": [13, 0, 14.938, 2.688], "texture": "#2"},
				"up": {"uv": [0, 0, 16, 16], "texture": "#2"},
				"down": {"uv": [3, 0, 12.438, 1.938], "texture": "#missing"}
			}
		},
		{
			"from": [7.125, 16.0625, 8.0625],
			"to": [8.5, 18.75, 8.9375],
			"rotation": {"angle": 0, "axis": "y", "origin": [15.4375, 24.0625, 14.6875]},
			"faces": {
				"north": {"uv": [0, 0, 11, 16], "texture": "#2"},
				"east": {"uv": [1, 0, 2.938, 2.688], "texture": "#2"},
				"south": {"uv": [7, 0, 16, 16], "texture": "#2"},
				"west": {"uv": [8, 5, 9.938, 7.688], "texture": "#2"},
				"up": {"uv": [7, 15, 16, 15.938], "texture": "#2"},
				"down": {"uv": [3, 0, 12.438, 1.938], "texture": "#missing"}
			}
		}
	],
	"display": {
		"thirdperson_righthand": {
			"rotation": [-87.25, 0, 0],
			"translation": [0, -1.75, -7.25],
			"scale": [0.38281, 1, 0.69531]
		},
		"thirdperson_lefthand": {
			"rotation": [-87.25, 0, 0],
			"translation": [0, -1.75, -7.25],
			"scale": [0.38281, 1, 0.69531]
		},
		"firstperson_righthand": {
			"rotation": [-10, 124, 18],
			"translation": [3.5, 5.25, 0],
			"scale": [0.37305, 0.75977, 0.57617]
		},
		"firstperson_lefthand": {
			"rotation": [-10, 124, 18],
			"translation": [3.5, 5.25, 0],
			"scale": [0.37305, 0.75977, 0.57617]
		},
		"ground": {
			"translation": [0, 8.75, 0]
		},
		"gui": {
			"translation": [0, -1.5, 0],
			"scale": [0.66797, 0.80469, 0.80469]
		},
		"head": {
			"translation": [0, 14.25, 0]
		},
		"fixed": {
			"rotation": [-90, 0, 0],
			"translation": [0, 0, -7.75]
		}
	}
}