{
	"credit": "Made with Blockbench",
	"textures": {
		"0": "toppat/domeside",
		"particle": "toppat/domeside"
	},
	"elements": [
		{
			"from": [2.5, 0, 4.875],
			"to": [13.5, 1, 11.4375],
			"rotation": {"angle": 0, "axis": "y", "origin": [16, 8, 16]},
			"faces": {
				"north": {"uv": [0, 0, 16, 16], "texture": "#0"},
				"east": {"uv": [0, 0, 16, 16], "texture": "#0"},
				"south": {"uv": [0, 0, 16, 16], "texture": "#0"},
				"west": {"uv": [0, 0, 16, 16], "texture": "#0"},
				"up": {"uv": [0, 0, 16, 16], "texture": "#0"},
				"down": {"uv": [0, 0, 16, 16], "texture": "#0"}
			}
		}
	],
	"display": {
		"thirdperson_righthand": {
			"rotation": [-87.25, 0, 0],
			"translation": [0, -1.75, -7.25],
			"scale": [0.38281, 1, 0.69531]
		},
		"thirdperson_lefthand": {
			"rotation": [-87.25, 0, 0],
			"translation": [0, -1.75, -7.25],
			"scale": [0.38281, 1, 0.69531]
		},
		"firstperson_righthand": {
			"rotation": [-25, 98, 16.75],
			"translation": [1, 5.75, 0],
			"scale": [0.28516, 0.66016, 0.57617]
		},
		"firstperson_lefthand": {
			"rotation": [-25, 98, 16.75],
			"translation": [1, 5.75, 0],
			"scale": [0.28516, 0.66016, 0.57617]
		},
		"ground": {
			"translation": [0, 8.75, 0]
		},
		"gui": {
			"translation": [0, -1.5, 0],
			"scale": [0.66797, 0.80469, 0.80469]
		},
		"head": {
			"translation": [0, 14.25, 0]
		},
		"fixed": {
			"rotation": [-90, 0, 0],
			"translation": [0, 0, -7.75]
		}
	}
}