{
	"credit": "Made with Blockbench",
	"textures": {
		"0": "toppat/rhm1",
		"1": "toppat/that",
		"2": "toppat/rhm2",
		"particle": "toppat/rhm1"
	},
	"elements": [
		{
			"from": [-8, -0.5, -3.25],
			"to": [24, 1, 17.875],
			"faces": {
				"north": {"uv": [0, 0, 16, 16], "texture": "#2"},
				"east": {"uv": [0, 0, 16, 16], "texture": "#0"},
				"south": {"uv": [0, 0, 16, 16], "texture": "#2"},
				"west": {"uv": [0, 0, 16, 16], "texture": "#2"},
				"up": {"uv": [0, 0, 16, 16], "texture": "#2"},
				"down": {"uv": [0, 0, 16, 16], "texture": "#0"}
			}
		},
		{
			"from": [2, 0.875, 2],
			"to": [14, 16.875, 13],
			"rotation": {"angle": 0, "axis": "y", "origin": [19, 9.875, 20]},
			"faces": {
				"north": {"uv": [0, 0, 16, 16], "texture": "#1"},
				"east": {"uv": [0, 0, 16, 16], "texture": "#1"},
				"south": {"uv": [0, 0, 16, 16], "texture": "#1"},
				"west": {"uv": [0, 0, 16, 16], "texture": "#1"},
				"up": {"uv": [0, 0, 16, 16], "texture": "#0"},
				"down": {"uv": [0, 0, 12, 11], "texture": "#missing"}
			}
		}
	],
	"display": {
		"thirdperson_righthand": {
			"translation": [0, 1.75, -1.25],
			"scale": [0.33203, 0.33203, 0.33203]
		},
		"thirdperson_lefthand": {
			"translation": [0, 1.75, -1.25],
			"scale": [0.33203, 0.33203, 0.33203]
		},
		"firstperson_righthand": {
			"rotation": [0, -22, 0],
			"translation": [0, 4.5, 0.5],
			"scale": [0.35742, 0.35742, 0.35742]
		},
		"firstperson_lefthand": {
			"rotation": [0, -22, 0],
			"translation": [0, 4.5, 0.5],
			"scale": [0.35742, 0.35742, 0.35742]
		},
		"ground": {
			"translation": [0, 3.75, 0],
			"scale": [0.60742, 0.60742, 0.60742]
		},
		"gui": {
			"scale": [0.44727, 0.44727, 0.44727]
		},
		"head": {
			"translation": [0, 12, 0],
			"scale": [0.78906, 0.78906, 0.78906]
		},
		"fixed": {
			"rotation": [-90, 1, 0],
			"translation": [0, -0.25, -7.25]
		}
	}
}