{
	"credit": "Made with Blockbench",
	"textures": {
		"0": "toppat/faceplate",
		"1": "toppat/eyeded",
		"2": "toppat/rhm2",
		"1_0": "toppat/rhm1",
		"1_1": "toppat/that",
		"particle": "toppat/rhm1"
	},
	"elements": [
		{
			"from": [3.25, 1, 7.125],
			"to": [10, 7.625, 8.125],
			"rotation": {"angle": 0, "axis": "y", "origin": [17, 12.125, 15.125]},
			"faces": {
				"north": {"uv": [0, 0, 16, 16], "texture": "#0"},
				"east": {"uv": [0, 0, 1, 6.125], "texture": "#0"},
				"south": {"uv": [0, 0, 16, 16], "texture": "#0"},
				"west": {"uv": [0, 0, 1, 6.125], "texture": "#0"},
				"up": {"uv": [0, 0, 6, 1], "texture": "#0"},
				"down": {"uv": [0, 0, 16, 16], "texture": "#0"}
			}
		},
		{
			"from": [4.875, 2.4375, 6.6875],
			"to": [8.375, 6.125, 7.125],
			"rotation": {"angle": 0, "axis": "y", "origin": [15.1875, 12.125, 14.125]},
			"faces": {
				"north": {"uv": [0, 0, 16, 16], "texture": "#1"},
				"east": {"uv": [13, 0, 15.438, 5.188], "texture": "#1"},
				"south": {"uv": [0, 0, 2.75, 3.1875], "texture": "#missing"},
				"west": {"uv": [0, 0, 2.438, 5.188], "texture": "#1"},
				"up": {"uv": [0, 0, 2.75, 0.4375], "texture": "#1"},
				"down": {"uv": [0, 0, 2.75, 0.4375], "texture": "#1"}
			}
		},
		{
			"from": [4.625, 2.4375, 6.875],
			"to": [5.625, 6.125, 7.125],
			"rotation": {"angle": 0, "axis": "y", "origin": [12.625, 10.125, 14.125]},
			"faces": {
				"north": {"uv": [0, 0, 0.25, 3.1875], "texture": "#0"},
				"east": {"uv": [0, 0, 0.25, 3.1875], "texture": "#0"},
				"south": {"uv": [0, 0, 0.25, 3.1875], "texture": "#0"},
				"west": {"uv": [0, 0, 0.25, 3.1875], "texture": "#0"},
				"up": {"uv": [0, 0, 0.25, 0.25], "texture": "#0"},
				"down": {"uv": [0, 0, 0.25, 0.25], "texture": "#0"}
			}
		},
		{
			"from": [7.625, 2.4375, 6.875],
			"to": [8.625, 6.125, 7.125],
			"rotation": {"angle": 0, "axis": "y", "origin": [16.375, 10.125, 14.125]},
			"faces": {
				"north": {"uv": [0, 0, 0.25, 3.1875], "texture": "#0"},
				"east": {"uv": [0, 0, 0.25, 3.1875], "texture": "#0"},
				"south": {"uv": [0, 0, 0.25, 3.1875], "texture": "#0"},
				"west": {"uv": [0, 0, 0.25, 3.1875], "texture": "#0"},
				"up": {"uv": [0, 0, 0.25, 0.25], "texture": "#0"},
				"down": {"uv": [0, 0, 0.25, 0.25], "texture": "#0"}
			}
		},
		{
			"from": [4.875, 5.625, 6.875],
			"to": [8.375, 6.375, 7.125],
			"rotation": {"angle": 0, "axis": "y", "origin": [13.625, 13.625, 14.125]},
			"faces": {
				"north": {"uv": [0, 0, 2.75, 0.25], "texture": "#0"},
				"east": {"uv": [0, 0, 0.25, 0.25], "texture": "#0"},
				"south": {"uv": [0, 0, 2.75, 0.25], "texture": "#0"},
				"west": {"uv": [0, 0, 0.25, 0.25], "texture": "#0"},
				"up": {"uv": [0, 0, 2.75, 0.25], "texture": "#0"},
				"down": {"uv": [0, 0, 2.75, 0.25], "texture": "#0"}
			}
		},
		{
			"from": [4.875, 2.25, 6.875],
			"to": [8.375, 2.9375, 7.125],
			"rotation": {"angle": 0, "axis": "y", "origin": [13.625, 9.4375, 14.125]},
			"faces": {
				"north": {"uv": [0, 0, 2.75, 1], "texture": "#0"},
				"east": {"uv": [0, 0, 0.25, 1], "texture": "#0"},
				"south": {"uv": [0, 0, 2.75, 1], "texture": "#0"},
				"west": {"uv": [0, 0, 0.25, 1], "texture": "#0"},
				"up": {"uv": [0, 0, 2.75, 0.25], "texture": "#0"},
				"down": {"uv": [0, 0, 2.75, 0.25], "texture": "#0"}
			}
		},
		{
			"from": [4.75, 5.625, 6.875],
			"to": [5.625, 6.25, 7.125],
			"rotation": {"angle": 0, "axis": "y", "origin": [12.625, 12.9375, 14.125]},
			"faces": {
				"north": {"uv": [0, 0, 0.125, 0.125], "texture": "#0"},
				"east": {"uv": [0, 0, 0.25, 0.125], "texture": "#0"},
				"south": {"uv": [0, 0, 0.125, 0.125], "texture": "#missing"},
				"west": {"uv": [0, 0, 0.25, 0.125], "texture": "#0"},
				"up": {"uv": [0, 0, 0.125, 0.25], "texture": "#0"},
				"down": {"uv": [0, 0, 0.125, 0.25], "texture": "#0"}
			}
		},
		{
			"from": [7.625, 2.3125, 6.875],
			"to": [8.5, 2.9375, 7.125],
			"rotation": {"angle": 0, "axis": "y", "origin": [15.5, 9.625, 14.125]},
			"faces": {
				"north": {"uv": [0, 0, 0.125, 0.125], "texture": "#0"},
				"east": {"uv": [0, 0, 0.25, 0.125], "texture": "#0"},
				"south": {"uv": [0, 0, 0.125, 0.125], "texture": "#missing"},
				"west": {"uv": [0, 0, 0.25, 0.125], "texture": "#0"},
				"up": {"uv": [0, 0, 0.125, 0.25], "texture": "#missing"},
				"down": {"uv": [0, 0, 0.125, 0.25], "texture": "#0"}
			}
		},
		{
			"from": [7.625, 5.625, 6.875],
			"to": [8.5, 6.25, 7.125],
			"rotation": {"angle": 0, "axis": "y", "origin": [15.5, 12.9375, 14.125]},
			"faces": {
				"north": {"uv": [0, 0, 0.125, 0.125], "texture": "#0"},
				"east": {"uv": [0, 0, 0.25, 0.125], "texture": "#0"},
				"south": {"uv": [0, 0, 0.125, 0.125], "texture": "#missing"},
				"west": {"uv": [0, 0, 0.25, 0.125], "texture": "#0"},
				"up": {"uv": [0, 0, 0.125, 0.25], "texture": "#0"},
				"down": {"uv": [0, 0, 0.125, 0.25], "texture": "#0"}
			}
		},
		{
			"from": [4.75, 2.3125, 6.875],
			"to": [5.625, 2.9375, 7.125],
			"rotation": {"angle": 0, "axis": "y", "origin": [12.625, 9.625, 14.125]},
			"faces": {
				"north": {"uv": [0, 0, 0.125, 0.125], "texture": "#0"},
				"east": {"uv": [0, 0, 0.25, 0.125], "texture": "#0"},
				"south": {"uv": [0, 0, 0.125, 0.125], "texture": "#missing"},
				"west": {"uv": [0, 0, 0.25, 0.125], "texture": "#0"},
				"up": {"uv": [0, 0, 0.125, 0.25], "texture": "#missing"},
				"down": {"uv": [0, 0, 0.125, 0.25], "texture": "#0"}
			}
		},
		{
			"from": [6.6875, 3.75, 2.75],
			"to": [7.1875, 4.25, 7],
			"rotation": {"angle": 0, "axis": "x", "origin": [-7.0625, -4, 9.8125]},
			"faces": {
				"north": {"uv": [0, 0, 16, 16], "rotation": 180, "texture": "#1_0"},
				"east": {"uv": [0, 0, 16, 16], "rotation": 90, "texture": "#1_1"},
				"south": {"uv": [0, 0, 16, 16], "texture": "#1_0"},
				"west": {"uv": [0, 0, 16, 16], "rotation": 270, "texture": "#1_1"},
				"up": {"uv": [0, 0, 16, 16], "texture": "#1_1"},
				"down": {"uv": [0, 0, 16, 16], "rotation": 180, "texture": "#1_1"}
			}
		},
		{
			"from": [6.8125, 3.875, 7],
			"to": [7.0625, 4.125, 7.375],
			"rotation": {"angle": 0, "axis": "x", "origin": [-7.0625, -4, 9.8125]},
			"faces": {
				"north": {"uv": [0, 0, 16, 16], "rotation": 180, "texture": "#missing"},
				"east": {"uv": [0, 0, 16, 16], "rotation": 90, "texture": "#1_0"},
				"south": {"uv": [0, 0, 16, 16], "texture": "#1_0"},
				"west": {"uv": [0, 0, 16, 16], "rotation": 270, "texture": "#1_0"},
				"up": {"uv": [0, 0, 16, 16], "texture": "#1_0"},
				"down": {"uv": [0, 0, 16, 16], "rotation": 180, "texture": "#1_0"}
			}
		},
		{
			"from": [-5.625, 13.375, 6.5625],
			"to": [26.375, 14.875, 27.6875],
			"rotation": {"angle": 0, "axis": "y", "origin": [10.375, 21.875, 17.8125]},
			"faces": {
				"north": {"uv": [0, 0, 16, 16], "texture": "#2"},
				"east": {"uv": [0, 0, 16, 16], "texture": "#1_0"},
				"south": {"uv": [0, 0, 16, 16], "texture": "#2"},
				"west": {"uv": [0, 0, 16, 16], "texture": "#2"},
				"up": {"uv": [0, 0, 16, 16], "texture": "#2"},
				"down": {"uv": [0, 0, 16, 16], "texture": "#1_0"}
			}
		},
		{
			"from": [4.375, 14.75, 11.8125],
			"to": [16.375, 30.75, 22.8125],
			"rotation": {"angle": 0, "axis": "y", "origin": [21.375, 23.75, 29.8125]},
			"faces": {
				"north": {"uv": [0, 0, 16, 16], "texture": "#1_1"},
				"east": {"uv": [0, 0, 16, 16], "texture": "#1_1"},
				"south": {"uv": [0, 0, 16, 16], "texture": "#1_1"},
				"west": {"uv": [0, 0, 16, 16], "texture": "#1_1"},
				"up": {"uv": [0, 0, 16, 16], "texture": "#1_0"},
				"down": {"uv": [0, 0, 12, 11], "texture": "#missing"}
			}
		}
	],
	"display": {
		"thirdperson_righthand": {
			"translation": [0, 1.75, -1.25],
			"scale": [0, 0, 0]
		},
		"thirdperson_lefthand": {
			"translation": [0, 1.75, -1.25],
			"scale": [0, 0, 0]
		},
		"firstperson_righthand": {
			"rotation": [0, -22, 0],
			"translation": [0, 4.5, 0.5],
			"scale": [0.35742, 0.35742, 0.35742]
		},
		"firstperson_lefthand": {
			"rotation": [0, -22, 0],
			"translation": [0, 4.5, 0.5],
			"scale": [0, 0, 0]
		},
		"ground": {
			"translation": [0, 3.75, 0],
			"scale": [0.60742, 0.60742, 0.60742]
		},
		"gui": {
			"scale": [0.44727, 0.44727, 0.44727]
		},
		"head": {
			"translation": [-2, 2.25, -6.5],
			"scale": [0.78906, 0.78906, 0.78906]
		},
		"fixed": {
			"rotation": [-90, 1, 0],
			"translation": [0, -0.25, -7.25]
		}
	},
	"groups": [
		{
			"name": "eyelaser",
			"origin": [12.625, 14.5, 15],
			"children": [0, 1, 2, 3, 4, 5, 6, 7, 8, 9,
				{
					"name": "cyblade",
					"origin": [8, 8, 8],
					"children": [10, 11]
				}
			]
		},
		{
			"name": "rhmhat",
			"origin": [8, 8, 8],
			"children": [12, 13]
		}
	]
}