{
	"credit": "Made with Blockbench",
	"texture_size": [32, 32],
	"textures": {
		"4": "toppat/blu",
		"particle": "toppat/that"
	},
	"elements": [
		{
			"from": [-4, -0.1875, -4.625],
			"to": [20, 1, 18.9375],
			"faces": {
				"north": {"uv": [0, 0, 12, 0.5], "texture": "#4"},
				"east": {"uv": [0, 0, 8.75, 0.5], "texture": "#4"},
				"south": {"uv": [0, 0, 12, 0.5], "texture": "#4"},
				"west": {"uv": [0, 0, 8.75, 0.5], "texture": "#4"},
				"up": {"uv": [0, 0, 16, 16], "texture": "#4"},
				"down": {"uv": [0, 0, 12, 8.75], "texture": "#4"}
			}
		},
		{
			"from": [2, 0.875, 2],
			"to": [14, 10.875, 13],
			"rotation": {"angle": 0, "axis": "y", "origin": [19, 9.875, 20]},
			"faces": {
				"north": {"uv": [0, 0, 16, 16], "texture": "#4"},
				"east": {"uv": [0, 0, 16, 16], "texture": "#4"},
				"south": {"uv": [0, 0, 16, 16], "texture": "#4"},
				"west": {"uv": [0, 0, 16, 16], "texture": "#4"},
				"up": {"uv": [0, 0, 16, 16], "texture": "#4"},
				"down": {"uv": [0, 0, 16, 16], "texture": "#4"}
			}
		}
	],
	"display": {
		"thirdperson_righthand": {
			"translation": [0, 0.75, -1.75],
			"scale": [0.26, 0.26, 0.26]
		},
		"thirdperson_lefthand": {
			"translation": [0, 0.75, -1.75],
			"scale": [0.26, 0.26, 0.26]
		},
		"firstperson_righthand": {
			"translation": [0, 4.25, 0],
			"scale": [0.34, 0.34, 0.34]
		},
		"firstperson_lefthand": {
			"translation": [0, 4.25, 0],
			"scale": [0.34, 0.34, 0.34]
		},
		"ground": {
			"translation": [0, 1.5, 0],
			"scale": [0.42, 0.42, 0.42]
		},
		"gui": {
			"translation": [0.25, 2.5, 0],
			"scale": [0.55, 0.62, 0.56]
		},
		"head": {
			"translation": [0, 11.75, 0.5],
			"scale": [0.65, 0.65, 0.65]
		},
		"fixed": {
			"rotation": [-90, 0, 0],
			"translation": [0, 0.25, -8.5]
		}
	},
	"groups": [
		{
			"name": "group",
			"origin": [8, 8, 8],
			"children": [0, 1]
		}
	]
}