{
	"credit": "Made with Blockbench",
	"textures": {
		"0": "teleport/metal",
		"1": "teleport/button",
		"2": "teleport/panel",
		"3": "teleport/panel2",
		"4": "teleport/panel3",
		"5": "teleport/antenna",
		"6": "teleport/ball",
		"particle": "teleport/metal"
	},
	"elements": [
		{
			"from": [2, 0, 2.5625],
			"to": [14, 1, 14.0625],
			"rotation": {"angle": 0, "axis": "y", "origin": [8, 8, 7.5625]},
			"faces": {
				"north": {"uv": [0, 0, 13, 11], "texture": "#0"},
				"east": {"uv": [0, 0, 13, 11], "texture": "#0"},
				"south": {"uv": [0, 0, 13, 11], "texture": "#0"},
				"west": {"uv": [0, 0, 13, 11], "texture": "#0"},
				"up": {"uv": [0, 0, 13, 11], "texture": "#0"},
				"down": {"uv": [0, 0, 13, 11], "texture": "#0"}
			}
		},
		{
			"from": [1, 0, 1.5],
			"to": [2, 2.25, 15],
			"rotation": {"angle": 0, "axis": "y", "origin": [9, 8, 16]},
			"faces": {
				"north": {"uv": [0, 0, 1, 2.25], "texture": "#0"},
				"east": {"uv": [0, 0, 13.5, 2.25], "texture": "#0"},
				"south": {"uv": [0, 0, 1, 2.25], "texture": "#0"},
				"west": {"uv": [0, 0, 13.5, 2.25], "texture": "#0"},
				"up": {"uv": [0, 0, 1, 13.5], "texture": "#0"},
				"down": {"uv": [0, 0, 1, 13.5], "texture": "#0"}
			}
		},
		{
			"from": [2, 0, 14],
			"to": [14, 2.25, 15],
			"rotation": {"angle": 0, "axis": "y", "origin": [10, 8, 22]},
			"faces": {
				"north": {"uv": [0, 0, 12, 2.25], "texture": "#0"},
				"east": {"uv": [0, 0, 1, 2.25], "texture": "#0"},
				"south": {"uv": [0, 0, 12, 2.25], "texture": "#0"},
				"west": {"uv": [0, 0, 1, 2.25], "texture": "#0"},
				"up": {"uv": [0, 0, 12, 1], "texture": "#0"},
				"down": {"uv": [0, 0, 12, 1], "texture": "#0"}
			}
		},
		{
			"from": [2, 0, 1.5],
			"to": [15, 2.25, 3],
			"rotation": {"angle": 0, "axis": "y", "origin": [10, 8, 10]},
			"faces": {
				"north": {"uv": [0, 0, 13, 2.25], "texture": "#0"},
				"east": {"uv": [0, 0, 1.5, 2.25], "texture": "#0"},
				"south": {"uv": [0, 0, 13, 2.25], "texture": "#0"},
				"west": {"uv": [0, 0, 1.5, 2.25], "texture": "#0"},
				"up": {"uv": [0, 0, 13, 1.5], "texture": "#0"},
				"down": {"uv": [0, 0, 13, 1.5], "texture": "#0"}
			}
		},
		{
			"from": [14, 0, 3],
			"to": [15, 2.25, 15],
			"rotation": {"angle": 0, "axis": "y", "origin": [22, 8, 11]},
			"faces": {
				"north": {"uv": [0, 0, 1, 2.25], "texture": "#0"},
				"east": {"uv": [0, 0, 12, 2.25], "texture": "#0"},
				"south": {"uv": [0, 0, 1, 2.25], "texture": "#0"},
				"west": {"uv": [0, 0, 12, 2.25], "texture": "#0"},
				"up": {"uv": [0, 0, 1, 12], "texture": "#0"},
				"down": {"uv": [0, 0, 1, 12], "texture": "#0"}
			}
		},
		{
			"from": [2, 1, 8.75],
			"to": [14, 2, 14],
			"rotation": {"angle": 0, "axis": "y", "origin": [15, 9, 16]},
			"faces": {
				"north": {"uv": [0, 0, 12, 1], "texture": "#2"},
				"east": {"uv": [0, 0, 5.25, 1], "texture": "#2"},
				"south": {"uv": [0, 0, 12, 1], "texture": "#2"},
				"west": {"uv": [0, 0, 5.25, 1], "texture": "#2"},
				"up": {"uv": [0, 0, 12, 5.25], "texture": "#2"},
				"down": {"uv": [0, 0, 12, 5.25], "texture": "#2"}
			}
		},
		{
			"from": [8.5, 1, 3],
			"to": [14.5, 2, 8.75],
			"rotation": {"angle": 0, "axis": "y", "origin": [21.5, 9, 11]},
			"faces": {
				"north": {"uv": [0, 0, 6, 1], "texture": "#3"},
				"east": {"uv": [0, 0, 5.75, 1], "texture": "#3"},
				"south": {"uv": [0, 0, 6, 1], "texture": "#3"},
				"west": {"uv": [0, 0, 5.75, 1], "texture": "#3"},
				"up": {"uv": [0, 0, 6, 5.75], "texture": "#3"},
				"down": {"uv": [0, 0, 6, 5.75], "texture": "#3"}
			}
		},
		{
			"from": [1.5, 1, 3],
			"to": [7.5, 2, 8.75],
			"rotation": {"angle": 0, "axis": "y", "origin": [9.5, 9, 11]},
			"faces": {
				"north": {"uv": [0, 0, 6, 1], "texture": "#3"},
				"east": {"uv": [0, 0, 5.75, 1], "texture": "#3"},
				"south": {"uv": [0, 0, 6, 1], "texture": "#3"},
				"west": {"uv": [0, 0, 5.75, 1], "texture": "#3"},
				"up": {"uv": [0, 0, 6, 5.75], "texture": "#3"},
				"down": {"uv": [0, 0, 6, 5.75], "texture": "#3"}
			}
		},
		{
			"from": [6.5, 2, 7.25],
			"to": [9.5, 2.75, 10.25],
			"rotation": {"angle": 0, "axis": "y", "origin": [14.5, 10, 16.25]},
			"faces": {
				"north": {"uv": [0, 0, 3, 0.75], "texture": "#1"},
				"east": {"uv": [0, 0, 3, 0.75], "texture": "#1"},
				"south": {"uv": [0, 0, 3, 0.75], "texture": "#1"},
				"west": {"uv": [0, 0, 3, 0.75], "texture": "#1"},
				"up": {"uv": [0, 0, 3, 3], "texture": "#1"},
				"down": {"uv": [0, 0, 3, 3], "texture": "#1"}
			}
		},
		{
			"from": [7.5, 1, 3],
			"to": [8.5, 2, 9],
			"rotation": {"angle": 0, "axis": "y", "origin": [15.5, 9, 11]},
			"faces": {
				"north": {"uv": [0, 0, 1, 1], "texture": "#4"},
				"east": {"uv": [0, 0, 6, 1], "texture": "#4"},
				"south": {"uv": [0, 0, 1, 1], "texture": "#4"},
				"west": {"uv": [0, 0, 6, 1], "texture": "#4"},
				"up": {"uv": [0, 0, 1, 6], "texture": "#4"},
				"down": {"uv": [0, 0, 1, 6], "texture": "#4"}
			}
		},
		{
			"from": [7.25, 1, -3.375],
			"to": [8.8125, 2.125, -2],
			"rotation": {"angle": 0, "axis": "y", "origin": [15.5, 9, 5]},
			"faces": {
				"north": {"uv": [0, 0, 1.5625, 1.125], "texture": "#6"},
				"east": {"uv": [0, 0, 1.375, 1.125], "texture": "#6"},
				"south": {"uv": [0, 0, 1.5625, 1.125], "texture": "#6"},
				"west": {"uv": [0, 0, 1.375, 1.125], "texture": "#6"},
				"up": {"uv": [0, 0, 16, 16], "texture": "#6"},
				"down": {"uv": [0, 0, 1.5625, 1.375], "texture": "#6"}
			}
		},
		{
			"from": [7.5, 1, -2],
			"to": [8.5, 2.1875, 2],
			"rotation": {"angle": 0, "axis": "y", "origin": [15.5, 9, 9]},
			"faces": {
				"north": {"uv": [0, 0, 1, 1.1875], "texture": "#5"},
				"east": {"uv": [0, 0, 4, 1.1875], "texture": "#5"},
				"south": {"uv": [0, 0, 1, 1.1875], "texture": "#5"},
				"west": {"uv": [0, 0, 4, 1.1875], "texture": "#5"},
				"up": {"uv": [0, 0, 3, 10], "texture": "#5"},
				"down": {"uv": [0, 0, 1, 4], "texture": "#5"}
			}
		}
	],
	"display": {
		"thirdperson_righthand": {
			"rotation": [89.5, 0, 0],
			"translation": [0, 2.75, 7.25],
			"scale": [0.38086, 1, 0.4082]
		},
		"thirdperson_lefthand": {
			"rotation": [89.5, 0, 0],
			"translation": [0, 2.75, 7.25],
			"scale": [0.38086, 1, 0.4082]
		},
		"firstperson_righthand": {
			"rotation": [77, 0, 0],
			"translation": [0.25, 5.5, 7.25],
			"scale": [0.52, 1, 0.452]
		},
		"firstperson_lefthand": {
			"rotation": [77, 0, 0],
			"translation": [0.25, 5.5, 7.25],
			"scale": [0.52, 1, 0.452]
		},
		"ground": {
			"translation": [0, 2.75, 0],
			"scale": [0.5, 0.5, 0.5]
		},
		"gui": {
			"rotation": [90, -22.75, 0],
			"translation": [0.5, -0.25, -9],
			"scale": [0.68, 1, 0.68]
		},
		"head": {
			"rotation": [90, 0, -180],
			"translation": [0, 0, -13]
		},
		"fixed": {
			"rotation": [90, 0, -180],
			"translation": [0, 0, -9]
		}
	}
}