{
	"credit": "Made with Blockbench",
	"textures": {
		"0": "misc/orange",
		"1": "misc/timeportal",
		"particle": "misc/orange"
	},
	"elements": [
		{
			"from": [4.1875, 0, 8],
			"to": [12.625, 0.75, 9],
			"rotation": {"angle": 0, "axis": "y", "origin": [21.0625, 8, 16]},
			"faces": {
				"north": {"uv": [0, 0, 8.4375, 0.75], "texture": "#0"},
				"east": {"uv": [0, 0, 1, 0.75], "texture": "#0"},
				"south": {"uv": [0, 0, 8.4375, 0.75], "texture": "#0"},
				"west": {"uv": [0, 0, 1, 0.75], "texture": "#0"},
				"up": {"uv": [0, 0, 8.4375, 1], "texture": "#0"},
				"down": {"uv": [0, 0, 8.4375, 1], "texture": "#0"}
			}
		},
		{
			"from": [3.4375, 0, 8],
			"to": [4.25, 4, 9],
			"rotation": {"angle": 0, "axis": "y", "origin": [11.25, 8, 16]},
			"faces": {
				"north": {"uv": [0, 0, 0.8125, 4], "texture": "#0"},
				"east": {"uv": [0, 0, 1, 4], "texture": "#0"},
				"south": {"uv": [0, 0, 0.8125, 4], "texture": "#0"},
				"west": {"uv": [0, 0, 1, 4], "texture": "#0"},
				"up": {"uv": [0, 0, 0.8125, 1], "texture": "#0"},
				"down": {"uv": [0, 0, 0.8125, 1], "texture": "#0"}
			}
		},
		{
			"from": [11.8125, 0.75, 8],
			"to": [12.625, 4.375, 9],
			"rotation": {"angle": 0, "axis": "y", "origin": [19.625, 8.375, 16]},
			"faces": {
				"north": {"uv": [0, 0, 0.8125, 3.625], "texture": "#0"},
				"east": {"uv": [0, 0, 1, 3.625], "texture": "#0"},
				"south": {"uv": [0, 0, 0.8125, 3.625], "texture": "#0"},
				"west": {"uv": [0, 0, 1, 3.625], "texture": "#0"},
				"up": {"uv": [0, 0, 0.8125, 1], "texture": "#0"},
				"down": {"uv": [0, 0, 0.8125, 1], "texture": "#0"}
			}
		},
		{
			"from": [13.375, 14.375, 8],
			"to": [14.1875, 18.75, 9],
			"rotation": {"angle": 0, "axis": "y", "origin": [21.1875, 22.375, 16]},
			"faces": {
				"north": {"uv": [0, 0, 0.8125, 4.375], "texture": "#0"},
				"east": {"uv": [0, 0, 1, 4.375], "texture": "#0"},
				"south": {"uv": [0, 0, 0.8125, 4.375], "texture": "#0"},
				"west": {"uv": [0, 0, 1, 4.375], "texture": "#0"},
				"up": {"uv": [0, 0, 0.8125, 1], "texture": "#0"},
				"down": {"uv": [0, 0, 0.8125, 1], "texture": "#0"}
			}
		},
		{
			"from": [13.25, 5.1875, 8],
			"to": [14.0625, 10.8125, 9],
			"rotation": {"angle": 0, "axis": "y", "origin": [21.0625, 13.1875, 16]},
			"faces": {
				"north": {"uv": [0, 0, 0.8125, 5.625], "texture": "#0"},
				"east": {"uv": [0, 0, 1, 5.625], "texture": "#0"},
				"south": {"uv": [0, 0, 0.8125, 5.625], "texture": "#0"},
				"west": {"uv": [0, 0, 1, 5.625], "texture": "#0"},
				"up": {"uv": [0, 0, 0.8125, 1], "texture": "#0"},
				"down": {"uv": [0, 0, 0.8125, 1], "texture": "#0"}
			}
		},
		{
			"from": [0.25, 4.8125, 8],
			"to": [1.0625, 6.1875, 9],
			"rotation": {"angle": 0, "axis": "y", "origin": [8.0625, 12.8125, 16]},
			"faces": {
				"north": {"uv": [0, 0, 0.8125, 1.375], "texture": "#0"},
				"east": {"uv": [0, 0, 1, 1.375], "texture": "#0"},
				"south": {"uv": [0, 0, 0.8125, 1.375], "texture": "#0"},
				"west": {"uv": [0, 0, 1, 1.375], "texture": "#0"},
				"up": {"uv": [0, 0, 0.8125, 1], "texture": "#0"},
				"down": {"uv": [0, 0, 0.8125, 1], "texture": "#0"}
			}
		},
		{
			"from": [14.3125, 11.625, 8],
			"to": [15.125, 14.375, 9],
			"rotation": {"angle": 0, "axis": "y", "origin": [22.125, 19.625, 16]},
			"faces": {
				"north": {"uv": [0, 0, 0.8125, 2.75], "texture": "#0"},
				"east": {"uv": [0, 0, 1, 2.75], "texture": "#0"},
				"south": {"uv": [0, 0, 0.8125, 2.75], "texture": "#0"},
				"west": {"uv": [0, 0, 1, 2.75], "texture": "#0"},
				"up": {"uv": [0, 0, 0.8125, 1], "texture": "#0"},
				"down": {"uv": [0, 0, 0.8125, 1], "texture": "#0"}
			}
		},
		{
			"from": [0.25, 4, 8],
			"to": [4.25, 4.8125, 9],
			"rotation": {"angle": 0, "axis": "y", "origin": [-3.75, 11.8125, 16]},
			"faces": {
				"north": {"uv": [0, 0, 0.8125, 4], "rotation": 90, "texture": "#0"},
				"east": {"uv": [0, 0, 0.8125, 1], "rotation": 270, "texture": "#0"},
				"south": {"uv": [0, 0, 0.8125, 4], "rotation": 270, "texture": "#0"},
				"west": {"uv": [0, 0, 0.8125, 1], "rotation": 270, "texture": "#0"},
				"up": {"uv": [0, 0, 1, 4], "rotation": 270, "texture": "#0"},
				"down": {"uv": [0, 0, 1, 4], "rotation": 270, "texture": "#0"}
			}
		},
		{
			"from": [-1.9375, 9.75, 8],
			"to": [0.3125, 10.5625, 9],
			"rotation": {"angle": 0, "axis": "y", "origin": [-7.6875, 17.5625, 16]},
			"faces": {
				"north": {"uv": [0, 0, 0.8125, 2.25], "rotation": 90, "texture": "#0"},
				"east": {"uv": [0, 0, 0.8125, 1], "rotation": 270, "texture": "#0"},
				"south": {"uv": [0, 0, 0.8125, 2.25], "rotation": 270, "texture": "#0"},
				"west": {"uv": [0, 0, 0.8125, 1], "rotation": 270, "texture": "#0"},
				"up": {"uv": [0, 0, 1, 2.25], "rotation": 270, "texture": "#0"},
				"down": {"uv": [0, 0, 1, 2.25], "rotation": 270, "texture": "#0"}
			}
		},
		{
			"from": [11.8125, 4.375, 8],
			"to": [14.0625, 5.1875, 9],
			"rotation": {"angle": 0, "axis": "y", "origin": [6.1875, 12.1875, 16]},
			"faces": {
				"north": {"uv": [0, 0, 0.8125, 2.25], "rotation": 90, "texture": "#0"},
				"east": {"uv": [0, 0, 0.8125, 1], "rotation": 270, "texture": "#0"},
				"south": {"uv": [0, 0, 0.8125, 2.25], "rotation": 270, "texture": "#0"},
				"west": {"uv": [0, 0, 0.8125, 1], "rotation": 270, "texture": "#0"},
				"up": {"uv": [0, 0, 1, 2.25], "rotation": 270, "texture": "#0"},
				"down": {"uv": [0, 0, 1, 2.25], "rotation": 270, "texture": "#0"}
			}
		},
		{
			"from": [13.25, 10.8125, 8],
			"to": [15.125, 11.625, 9],
			"rotation": {"angle": 0, "axis": "y", "origin": [7.125, 18.625, 16]},
			"faces": {
				"north": {"uv": [0, 0, 0.8125, 1.875], "rotation": 90, "texture": "#0"},
				"east": {"uv": [0, 0, 0.8125, 1], "rotation": 270, "texture": "#0"},
				"south": {"uv": [0, 0, 0.8125, 1.875], "rotation": 270, "texture": "#0"},
				"west": {"uv": [0, 0, 0.8125, 1], "rotation": 270, "texture": "#0"},
				"up": {"uv": [0, 0, 1, 1.875], "rotation": 270, "texture": "#0"},
				"down": {"uv": [0, 0, 1, 1.875], "rotation": 270, "texture": "#0"}
			}
		},
		{
			"from": [13.375, 13.5625, 8],
			"to": [14.3125, 14.375, 9],
			"rotation": {"angle": 0, "axis": "y", "origin": [6.3125, 21.375, 16]},
			"faces": {
				"north": {"uv": [0, 0, 0.8125, 0.9375], "rotation": 90, "texture": "#0"},
				"east": {"uv": [0, 0, 0.8125, 1], "rotation": 270, "texture": "#0"},
				"south": {"uv": [0, 0, 0.8125, 0.9375], "rotation": 270, "texture": "#0"},
				"west": {"uv": [0, 0, 0.8125, 1], "rotation": 270, "texture": "#0"},
				"up": {"uv": [0, 0, 1, 0.9375], "rotation": 270, "texture": "#0"},
				"down": {"uv": [0, 0, 1, 0.9375], "rotation": 270, "texture": "#0"}
			}
		},
		{
			"from": [12.4375, 17.9375, 8],
			"to": [13.375, 18.75, 9],
			"rotation": {"angle": 0, "axis": "y", "origin": [5.375, 25.75, 16]},
			"faces": {
				"north": {"uv": [0, 0, 0.8125, 0.9375], "rotation": 90, "texture": "#0"},
				"east": {"uv": [0, 0, 0.8125, 1], "rotation": 270, "texture": "#0"},
				"south": {"uv": [0, 0, 0.8125, 0.9375], "rotation": 270, "texture": "#0"},
				"west": {"uv": [0, 0, 0.8125, 1], "rotation": 270, "texture": "#0"},
				"up": {"uv": [0, 0, 1, 0.9375], "rotation": 270, "texture": "#0"},
				"down": {"uv": [0, 0, 1, 0.9375], "rotation": 270, "texture": "#0"}
			}
		},
		{
			"from": [12.4375, 18.75, 8],
			"to": [13.375, 21.625, 9],
			"rotation": {"angle": 0, "axis": "y", "origin": [5.375, 26.5625, 16]},
			"faces": {
				"north": {"uv": [0, 0, 2.875, 0.9375], "rotation": 90, "texture": "#0"},
				"east": {"uv": [0, 0, 2.875, 1], "rotation": 270, "texture": "#0"},
				"south": {"uv": [0, 0, 2.875, 0.9375], "rotation": 270, "texture": "#0"},
				"west": {"uv": [0, 0, 2.875, 1], "rotation": 270, "texture": "#0"},
				"up": {"uv": [0, 0, 1, 0.9375], "rotation": 270, "texture": "#0"},
				"down": {"uv": [0, 0, 1, 0.9375], "rotation": 270, "texture": "#0"}
			}
		},
		{
			"from": [11.8125, 21.625, 8],
			"to": [12.625, 23.3125, 9],
			"rotation": {"angle": 0, "axis": "y", "origin": [4.8125, 27.0625, 16]},
			"faces": {
				"north": {"uv": [0, 0, 1.6875, 0.8125], "rotation": 90, "texture": "#0"},
				"east": {"uv": [0, 0, 1.6875, 1], "rotation": 270, "texture": "#0"},
				"south": {"uv": [0, 0, 1.6875, 0.8125], "rotation": 270, "texture": "#0"},
				"west": {"uv": [0, 0, 1.6875, 1], "rotation": 270, "texture": "#0"},
				"up": {"uv": [0, 0, 1, 0.8125], "rotation": 270, "texture": "#0"},
				"down": {"uv": [0, 0, 1, 0.8125], "rotation": 270, "texture": "#0"}
			}
		},
		{
			"from": [12.625, 21.625, 8],
			"to": [13.375, 22.1875, 9],
			"rotation": {"angle": 0, "axis": "y", "origin": [5.625, 27.0625, 16]},
			"faces": {
				"north": {"uv": [0, 0, 0.5625, 0.75], "rotation": 90, "texture": "#0"},
				"east": {"uv": [0, 0, 0.5625, 1], "rotation": 270, "texture": "#0"},
				"south": {"uv": [0, 0, 0.5625, 0.75], "rotation": 270, "texture": "#0"},
				"west": {"uv": [0, 0, 0.5625, 1], "rotation": 270, "texture": "#0"},
				"up": {"uv": [0, 0, 1, 0.75], "rotation": 270, "texture": "#0"},
				"down": {"uv": [0, 0, 1, 0.75], "rotation": 270, "texture": "#0"}
			}
		},
		{
			"from": [10.4375, 23.3125, 8],
			"to": [11.375, 25.9375, 9],
			"rotation": {"angle": 0, "axis": "y", "origin": [3.375, 29.6875, 16]},
			"faces": {
				"north": {"uv": [0, 0, 2.625, 0.9375], "rotation": 90, "texture": "#0"},
				"east": {"uv": [0, 0, 2.625, 1], "rotation": 270, "texture": "#0"},
				"south": {"uv": [0, 0, 2.625, 0.9375], "rotation": 270, "texture": "#0"},
				"west": {"uv": [0, 0, 2.625, 1], "rotation": 270, "texture": "#0"},
				"up": {"uv": [0, 0, 1, 0.9375], "rotation": 270, "texture": "#0"},
				"down": {"uv": [0, 0, 1, 0.9375], "rotation": 270, "texture": "#0"}
			}
		},
		{
			"from": [-1.9375, 17.1875, 8],
			"to": [0.875, 18, 9],
			"rotation": {"angle": 0, "axis": "y", "origin": [-7.6875, 25, 16]},
			"faces": {
				"north": {"uv": [0, 0, 0.8125, 2.8125], "rotation": 90, "texture": "#0"},
				"east": {"uv": [0, 0, 0.8125, 1], "rotation": 270, "texture": "#0"},
				"south": {"uv": [0, 0, 0.8125, 2.8125], "rotation": 270, "texture": "#0"},
				"west": {"uv": [0, 0, 0.8125, 1], "rotation": 270, "texture": "#0"},
				"up": {"uv": [0, 0, 1, 2.8125], "rotation": 270, "texture": "#0"},
				"down": {"uv": [0, 0, 1, 2.8125], "rotation": 270, "texture": "#0"}
			}
		},
		{
			"from": [11.3125, 23.3125, 8],
			"to": [12.625, 24.125, 9],
			"rotation": {"angle": 0, "axis": "y", "origin": [5.5625, 31.125, 16]},
			"faces": {
				"north": {"uv": [0, 0, 0.8125, 1.3125], "rotation": 90, "texture": "#0"},
				"east": {"uv": [0, 0, 0.8125, 1], "rotation": 270, "texture": "#0"},
				"south": {"uv": [0, 0, 0.8125, 1.3125], "rotation": 270, "texture": "#0"},
				"west": {"uv": [0, 0, 0.8125, 1], "rotation": 270, "texture": "#0"},
				"up": {"uv": [0, 0, 1, 1.3125], "rotation": 270, "texture": "#0"},
				"down": {"uv": [0, 0, 1, 1.3125], "rotation": 270, "texture": "#0"}
			}
		},
		{
			"from": [9.5625, 28.1875, 8],
			"to": [10.875, 28.625, 9],
			"rotation": {"angle": 0, "axis": "y", "origin": [3.8125, 35.25, 16]},
			"faces": {
				"north": {"uv": [0, 0, 0.4375, 1.3125], "rotation": 90, "texture": "#0"},
				"east": {"uv": [0, 0, 0.4375, 1], "rotation": 270, "texture": "#0"},
				"south": {"uv": [0, 0, 0.4375, 1.3125], "rotation": 270, "texture": "#0"},
				"west": {"uv": [0, 0, 0.4375, 1], "rotation": 270, "texture": "#0"},
				"up": {"uv": [0, 0, 1, 1.3125], "rotation": 270, "texture": "#0"},
				"down": {"uv": [0, 0, 1, 1.3125], "rotation": 270, "texture": "#0"}
			}
		},
		{
			"from": [0.875, 20.75, 8],
			"to": [1.5, 21.5625, 9],
			"rotation": {"angle": 0, "axis": "y", "origin": [-4.875, 28.5625, 16]},
			"faces": {
				"north": {"uv": [0, 0, 0.8125, 0.625], "rotation": 90, "texture": "#0"},
				"east": {"uv": [0, 0, 0.8125, 1], "rotation": 270, "texture": "#0"},
				"south": {"uv": [0, 0, 0.8125, 0.625], "rotation": 270, "texture": "#0"},
				"west": {"uv": [0, 0, 0.8125, 1], "rotation": 270, "texture": "#0"},
				"up": {"uv": [0, 0, 1, 0.625], "rotation": 270, "texture": "#0"},
				"down": {"uv": [0, 0, 1, 0.625], "rotation": 270, "texture": "#0"}
			}
		},
		{
			"from": [2.3125, 23.5, 8],
			"to": [3.125, 24.3125, 9],
			"rotation": {"angle": 0, "axis": "y", "origin": [-3.4375, 31.3125, 16]},
			"faces": {
				"north": {"uv": [0, 0, 0.8125, 0.8125], "rotation": 90, "texture": "#0"},
				"east": {"uv": [0, 0, 0.8125, 1], "rotation": 270, "texture": "#0"},
				"south": {"uv": [0, 0, 0.8125, 0.8125], "rotation": 270, "texture": "#0"},
				"west": {"uv": [0, 0, 0.8125, 1], "rotation": 270, "texture": "#0"},
				"up": {"uv": [0, 0, 1, 0.8125], "rotation": 270, "texture": "#0"},
				"down": {"uv": [0, 0, 1, 0.8125], "rotation": 270, "texture": "#0"}
			}
		},
		{
			"from": [4.25, 25.125, 8],
			"to": [10.4375, 25.9375, 9],
			"rotation": {"angle": 0, "axis": "y", "origin": [-1.5, 32.9375, 16]},
			"faces": {
				"north": {"uv": [0, 0, 0.8125, 6.1875], "rotation": 90, "texture": "#0"},
				"east": {"uv": [0, 0, 0.8125, 1], "rotation": 270, "texture": "#0"},
				"south": {"uv": [0, 0, 0.8125, 6.1875], "rotation": 270, "texture": "#0"},
				"west": {"uv": [0, 0, 0.8125, 1], "rotation": 270, "texture": "#0"},
				"up": {"uv": [0, 0, 1, 6.1875], "rotation": 270, "texture": "#0"},
				"down": {"uv": [0, 0, 1, 6.1875], "rotation": 270, "texture": "#0"}
			}
		},
		{
			"from": [3.125, 23.5, 8],
			"to": [4.25, 25.9375, 9],
			"rotation": {"angle": 0, "axis": "y", "origin": [-2.3125, 31.3125, 16]},
			"faces": {
				"north": {"uv": [0, 0, 2.4375, 1.125], "rotation": 90, "texture": "#0"},
				"east": {"uv": [0, 0, 2.4375, 1], "rotation": 270, "texture": "#0"},
				"south": {"uv": [0, 0, 2.4375, 1.125], "rotation": 270, "texture": "#0"},
				"west": {"uv": [0, 0, 2.4375, 1], "rotation": 270, "texture": "#0"},
				"up": {"uv": [0, 0, 1, 1.125], "rotation": 270, "texture": "#0"},
				"down": {"uv": [0, 0, 1, 1.125], "rotation": 270, "texture": "#0"}
			}
		},
		{
			"from": [-8.625, 13.5, 8],
			"to": [-3.9375, 14.375, 9],
			"rotation": {"angle": 22.5, "axis": "z", "origin": [-11.9375, 21.3125, 16]},
			"faces": {
				"north": {"uv": [0, 0, 0.875, 4.6875], "rotation": 90, "texture": "#0"},
				"east": {"uv": [0, 0, 0.875, 1], "rotation": 270, "texture": "#0"},
				"south": {"uv": [0, 0, 0.875, 4.6875], "rotation": 270, "texture": "#0"},
				"west": {"uv": [0, 0, 0.875, 1], "rotation": 270, "texture": "#0"},
				"up": {"uv": [0, 0, 1, 4.6875], "rotation": 270, "texture": "#0"},
				"down": {"uv": [0, 0, 1, 4.6875], "rotation": 270, "texture": "#0"}
			}
		},
		{
			"from": [17.6875, 21.625, 8],
			"to": [20.5625, 22.125, 9],
			"rotation": {"angle": 45, "axis": "z", "origin": [25.6875, 14.3125, 16]},
			"faces": {
				"north": {"uv": [0, 0, 0.5, 2.875], "rotation": 270, "texture": "#0"},
				"east": {"uv": [0, 0, 0.5, 1], "rotation": 90, "texture": "#0"},
				"south": {"uv": [0, 0, 0.5, 2.875], "rotation": 90, "texture": "#0"},
				"west": {"uv": [0, 0, 0.5, 1], "rotation": 90, "texture": "#0"},
				"up": {"uv": [0, 0, 1, 2.875], "rotation": 90, "texture": "#0"},
				"down": {"uv": [0, 0, 1, 2.875], "rotation": 90, "texture": "#0"}
			}
		},
		{
			"from": [0.875, -0.25, 8],
			"to": [1.375, 2.625, 9],
			"rotation": {"angle": 22.5, "axis": "z", "origin": [8.6875, 7.75, 16]},
			"faces": {
				"north": {"uv": [0, 0, 0.5, 2.875], "texture": "#0"},
				"east": {"uv": [0, 0, 1, 2.875], "texture": "#0"},
				"south": {"uv": [0, 0, 0.5, 2.875], "texture": "#0"},
				"west": {"uv": [0, 0, 1, 2.875], "texture": "#0"},
				"up": {"uv": [0, 0, 0.5, 1], "texture": "#0"},
				"down": {"uv": [0, 0, 0.5, 1], "texture": "#0"}
			}
		},
		{
			"from": [10.875, 25.9375, 8],
			"to": [11.375, 30.0625, 9],
			"rotation": {"angle": 0, "axis": "y", "origin": [18.375, 33.9375, 16]},
			"faces": {
				"north": {"uv": [0, 0, 0.5, 4.125], "texture": "#0"},
				"east": {"uv": [0, 0, 1, 4.125], "texture": "#0"},
				"south": {"uv": [0, 0, 0.5, 4.125], "texture": "#0"},
				"west": {"uv": [0, 0, 1, 4.125], "texture": "#0"},
				"up": {"uv": [0, 0, 0.5, 1], "texture": "#0"},
				"down": {"uv": [0, 0, 0.5, 1], "texture": "#0"}
			}
		},
		{
			"from": [-0.625, 5.375, 8],
			"to": [0.3125, 6.1875, 9],
			"rotation": {"angle": 0, "axis": "y", "origin": [-7.6875, 14.1875, 16]},
			"faces": {
				"north": {"uv": [0, 0, 0.8125, 0.9375], "rotation": 90, "texture": "#0"},
				"east": {"uv": [0, 0, 0.8125, 1], "rotation": 270, "texture": "#0"},
				"south": {"uv": [0, 0, 0.8125, 0.9375], "rotation": 270, "texture": "#0"},
				"west": {"uv": [0, 0, 0.8125, 1], "rotation": 270, "texture": "#0"},
				"up": {"uv": [0, 0, 1, 0.9375], "rotation": 270, "texture": "#0"},
				"down": {"uv": [0, 0, 1, 0.9375], "rotation": 270, "texture": "#0"}
			}
		},
		{
			"from": [-0.625, 6.1875, 8],
			"to": [0.3125, 9.75, 9],
			"rotation": {"angle": 0, "axis": "y", "origin": [-7.6875, 15, 16]},
			"faces": {
				"north": {"uv": [0, 0, 3.5625, 0.9375], "rotation": 90, "texture": "#0"},
				"east": {"uv": [0, 0, 3.5625, 1], "rotation": 270, "texture": "#0"},
				"south": {"uv": [0, 0, 3.5625, 0.9375], "rotation": 270, "texture": "#0"},
				"west": {"uv": [0, 0, 3.5625, 1], "rotation": 270, "texture": "#0"},
				"up": {"uv": [0, 0, 1, 0.9375], "rotation": 270, "texture": "#0"},
				"down": {"uv": [0, 0, 1, 0.9375], "rotation": 270, "texture": "#0"}
			}
		},
		{
			"from": [-0.0625, 18, 8],
			"to": [0.875, 21.5625, 9],
			"rotation": {"angle": 0, "axis": "y", "origin": [-7.125, 26.8125, 16]},
			"faces": {
				"north": {"uv": [0, 0, 3.5625, 0.9375], "rotation": 90, "texture": "#0"},
				"east": {"uv": [0, 0, 3.5625, 1], "rotation": 270, "texture": "#0"},
				"south": {"uv": [0, 0, 3.5625, 0.9375], "rotation": 270, "texture": "#0"},
				"west": {"uv": [0, 0, 3.5625, 1], "rotation": 270, "texture": "#0"},
				"up": {"uv": [0, 0, 1, 0.9375], "rotation": 270, "texture": "#0"},
				"down": {"uv": [0, 0, 1, 0.9375], "rotation": 270, "texture": "#0"}
			}
		},
		{
			"from": [1.5, 20.75, 8],
			"to": [2.3125, 24.3125, 9],
			"rotation": {"angle": 0, "axis": "y", "origin": [-5.125, 29.5625, 16]},
			"faces": {
				"north": {"uv": [0, 0, 3.5625, 0.8125], "rotation": 90, "texture": "#0"},
				"east": {"uv": [0, 0, 3.5625, 1], "rotation": 270, "texture": "#0"},
				"south": {"uv": [0, 0, 3.5625, 0.8125], "rotation": 270, "texture": "#0"},
				"west": {"uv": [0, 0, 3.5625, 1], "rotation": 270, "texture": "#0"},
				"up": {"uv": [0, 0, 1, 0.8125], "rotation": 270, "texture": "#0"},
				"down": {"uv": [0, 0, 1, 0.8125], "rotation": 270, "texture": "#0"}
			}
		},
		{
			"from": [-1.9375, 10.5625, 8],
			"to": [-1, 17.1875, 9],
			"rotation": {"angle": 0, "axis": "y", "origin": [-9, 19.375, 16]},
			"faces": {
				"north": {"uv": [0, 0, 6.625, 0.9375], "rotation": 90, "texture": "#0"},
				"east": {"uv": [0, 0, 6.625, 1], "rotation": 270, "texture": "#0"},
				"south": {"uv": [0, 0, 6.625, 0.9375], "rotation": 270, "texture": "#0"},
				"west": {"uv": [0, 0, 6.625, 1], "rotation": 270, "texture": "#0"},
				"up": {"uv": [0, 0, 1, 0.9375], "rotation": 270, "texture": "#0"},
				"down": {"uv": [0, 0, 1, 0.9375], "rotation": 270, "texture": "#0"}
			}
		},
		{
			"from": [4.25, 0.75, 8],
			"to": [11.8125, 23.3125, 9],
			"rotation": {"angle": 0, "axis": "y", "origin": [19, 8.8125, 16]},
			"faces": {
				"north": {"uv": [2.16, 0, 15.999, 16], "texture": "#1"},
				"east": {"uv": [0, 0, 1, 16], "texture": "#1"},
				"south": {"uv": [2.679, 0, 15.999, 15.94], "texture": "#1"},
				"west": {"uv": [0, 0, 1, 16], "texture": "#1"},
				"up": {"uv": [0, 0, 7.5625, 1], "texture": "#missing"},
				"down": {"uv": [0, 0, 7.5625, 1], "texture": "#missing"}
			}
		},
		{
			"from": [-1, 10.5625, 8],
			"to": [4.25, 17.1875, 9],
			"rotation": {"angle": 0, "axis": "y", "origin": [13.625, 15.875, 16]},
			"faces": {
				"north": {"uv": [11.76, 0, 0, 16], "texture": "#1"},
				"east": {"uv": [0, 0, 1, 6.625], "texture": "#1"},
				"south": {"uv": [2.98, 0.839, 8.23, 7.464], "texture": "#1"},
				"west": {"uv": [0, 0, 1, 6.625], "texture": "#1"},
				"up": {"uv": [0, 0, 5.25, 1], "texture": "#missing"},
				"down": {"uv": [0, 0, 5.25, 1], "texture": "#missing"}
			}
		},
		{
			"from": [0.875, 17.1875, 8],
			"to": [4.25, 20.75, 9],
			"rotation": {"angle": 0, "axis": "y", "origin": [13.625, 20.375, 16]},
			"faces": {
				"north": {"uv": [6.08, 0.08, 15.997, 15.998], "texture": "#1"},
				"east": {"uv": [0, 0, 1, 6.625], "texture": "#1"},
				"south": {"uv": [0, 0, 5.25, 6.625], "texture": "#1"},
				"west": {"uv": [0, 0, 1, 6.625], "texture": "#1"},
				"up": {"uv": [0, 0, 5.25, 1], "texture": "#missing"},
				"down": {"uv": [0, 0, 5.25, 1], "texture": "#missing"}
			}
		},
		{
			"from": [11.8125, 5.1875, 8],
			"to": [13.25, 11.625, 9],
			"rotation": {"angle": 0, "axis": "y", "origin": [21.8125, 16.4375, 16]},
			"faces": {
				"north": {"uv": [3.6, 0, 15.992, 14.756], "texture": "#1"},
				"east": {"uv": [0, 0, 1, 6.625], "texture": "#1"},
				"south": {"uv": [5.25, 0, 0, 6.625], "texture": "#1"},
				"west": {"uv": [0, 0, 1, 6.625], "texture": "#1"},
				"up": {"uv": [0, 0, 5.25, 1], "texture": "#missing"},
				"down": {"uv": [0, 0, 5.25, 1], "texture": "#missing"}
			}
		},
		{
			"from": [11.8125, 11.625, 8],
			"to": [14.3125, 13.5625, 9],
			"rotation": {"angle": 0, "axis": "y", "origin": [22.875, 22.875, 16]},
			"faces": {
				"north": {"uv": [0, 0, 16, 16], "texture": "#1"},
				"east": {"uv": [0, 0, 1, 6.625], "texture": "#1"},
				"south": {"uv": [9.869, 5.578, 0, 15.999], "texture": "#1"},
				"west": {"uv": [0, 0, 1, 6.625], "texture": "#1"},
				"up": {"uv": [0, 0, 5.25, 1], "texture": "#missing"},
				"down": {"uv": [0, 0, 5.25, 1], "texture": "#missing"}
			}
		},
		{
			"from": [11.8125, 13.5625, 8],
			"to": [13.375, 17.9375, 9],
			"rotation": {"angle": 0, "axis": "y", "origin": [22.875, 24.5625, 16]},
			"faces": {
				"north": {"uv": [0.119, 0, 13.699, 16], "texture": "#1"},
				"east": {"uv": [0, 0, 1, 6.625], "texture": "#1"},
				"south": {"uv": [5.6, 4.459, 14.01, 13.923], "texture": "#1"},
				"west": {"uv": [0, 0, 1, 6.625], "texture": "#1"},
				"up": {"uv": [0, 0, 5.25, 1], "texture": "#missing"},
				"down": {"uv": [0, 0, 5.25, 1], "texture": "#missing"}
			}
		},
		{
			"from": [11.8125, 17.9375, 8],
			"to": [12.4375, 21.625, 9],
			"rotation": {"angle": 0, "axis": "y", "origin": [21.9375, 28.9375, 16]},
			"faces": {
				"north": {"uv": [0, 0, 16, 16], "texture": "#1"},
				"east": {"uv": [0, 0, 1, 6.625], "texture": "#1"},
				"south": {"uv": [5.25, 0, 0, 6.625], "texture": "#1"},
				"west": {"uv": [0, 0, 1, 6.625], "texture": "#1"},
				"up": {"uv": [0, 0, 5.25, 1], "texture": "#missing"},
				"down": {"uv": [0, 0, 5.25, 1], "texture": "#missing"}
			}
		},
		{
			"from": [4.25, 23.3125, 8],
			"to": [10.4375, 25.125, 9],
			"rotation": {"angle": 0, "axis": "y", "origin": [17.0625, 26.5, 16]},
			"faces": {
				"north": {"uv": [5.3, 0, 15.999, 16], "texture": "#1"},
				"east": {"uv": [0, 0, 1, 6.625], "texture": "#1"},
				"south": {"uv": [0, 0, 5.25, 6.625], "texture": "#1"},
				"west": {"uv": [0, 0, 1, 6.625], "texture": "#1"},
				"up": {"uv": [0, 0, 5.25, 1], "texture": "#missing"},
				"down": {"uv": [0, 0, 5.25, 1], "texture": "#missing"}
			}
		},
		{
			"from": [2.3125, 20.75, 8],
			"to": [4.25, 23.5, 9],
			"rotation": {"angle": 0, "axis": "y", "origin": [10.875, 22.9375, 16]},
			"faces": {
				"north": {"uv": [2.38, 0, 15.999, 16], "texture": "#1"},
				"east": {"uv": [0, 0, 1, 6.625], "texture": "#1"},
				"south": {"uv": [0, 0, 5.25, 6.625], "texture": "#1"},
				"west": {"uv": [0, 0, 1, 6.625], "texture": "#1"},
				"up": {"uv": [0, 0, 5.25, 1], "texture": "#missing"},
				"down": {"uv": [0, 0, 5.25, 1], "texture": "#missing"}
			}
		},
		{
			"from": [0.3125, 6.1875, 8],
			"to": [4.25, 10.625, 9],
			"rotation": {"angle": 0, "axis": "y", "origin": [13.625, 10.3125, 16]},
			"faces": {
				"north": {"uv": [12.619, 0.059, 0, 16], "texture": "#1"},
				"east": {"uv": [0, 0, 1, 6.625], "texture": "#1"},
				"south": {"uv": [5.98, 4.92, 11.23, 11.545], "texture": "#1"},
				"west": {"uv": [0, 0, 1, 6.625], "texture": "#1"},
				"up": {"uv": [0, 0, 5.25, 1], "texture": "#missing"},
				"down": {"uv": [0, 0, 5.25, 1], "texture": "#missing"}
			}
		},
		{
			"from": [1.0625, 4.8125, 8],
			"to": [4.25, 6.1875, 9],
			"rotation": {"angle": 0, "axis": "y", "origin": [13.625, 8.6875, 16]},
			"faces": {
				"north": {"uv": [3.38, 0, 15.999, 16], "texture": "#1"},
				"east": {"uv": [0, 0, 1, 6.625], "texture": "#1"},
				"south": {"uv": [3.14, 3.3, 8.39, 9.925], "texture": "#1"},
				"west": {"uv": [0, 0, 1, 6.625], "texture": "#1"},
				"up": {"uv": [0, 0, 5.25, 1], "texture": "#missing"},
				"down": {"uv": [0, 0, 5.25, 1], "texture": "#missing"}
			}
		}
	],
	"display": {
		"head": {
			"translation": [2.25, -18.25, -1],
			"scale": [2.16016, 2.16016, 1.61328]
		}
	},
	"groups": [
		{
			"name": "group",
			"origin": [8, 8, 8],
			"children": [
				{
					"name": "frame",
					"origin": [-9, 19.375, 16],
					"children": [0, 1, 2, 3, 4, 5, 6, 7, 8, 9, 10, 11, 12, 13, 14, 15, 16, 17, 18, 19, 20, 21, 22, 23, 24, 25, 26, 27, 28, 29, 30, 31, 32]
				},
				{
					"name": "portal",
					"origin": [8, 8, 8],
					"children": [33, 34, 35, 36, 37, 38, 39, 40, 41, 42, 43]
				}
			]
		}
	]
}