{
	"credit": "Made with Blockbench",
	"texture_size": [32, 32],
	"textures": {
		"0": "toppat/that",
		"1": "toppat/this",
		"particle": "toppat/that"
	},
	"elements": [
		{
			"from": [-4, 0, -2.0625],
			"to": [20, 1, 16.9375],
			"faces": {
				"north": {"uv": [0, 0, 16, 16], "texture": "#1"},
				"east": {"uv": [0, 0, 16, 16], "texture": "#1"},
				"south": {"uv": [0, 0, 12, 0.5], "texture": "#1"},
				"west": {"uv": [0, 0, 16, 16], "texture": "#1"},
				"up": {"uv": [0, 0, 16, 16], "texture": "#1"},
				"down": {"uv": [0, 0, 12, 8.75], "texture": "#1"}
			}
		},
		{
			"from": [2, 0.875, 2],
			"to": [14, 16.875, 13],
			"rotation": {"angle": 0, "axis": "y", "origin": [19, 9.875, 20]},
			"faces": {
				"north": {"uv": [0, 0, 16, 16], "texture": "#0"},
				"east": {"uv": [0, 0, 16, 16], "texture": "#0"},
				"south": {"uv": [0, 0, 16, 16], "texture": "#0"},
				"west": {"uv": [0, 0, 16, 16], "texture": "#0"},
				"up": {"uv": [0, 0, 6, 5.5], "texture": "#0"},
				"down": {"uv": [0, 0, 6, 5.5], "texture": "#0"}
			}
		}
	],
	"display": {
		"thirdperson_righthand": {
			"translation": [0, 0, -1.75],
			"scale": [0.34, 0.34, 0.34]
		},
		"thirdperson_lefthand": {
			"translation": [0, 0, -1.75],
			"scale": [0.34, 0.34, 0.34]
		},
		"firstperson_righthand": {
			"translation": [0, 3.75, 0],
			"scale": [0.34, 0.34, 0.34]
		},
		"firstperson_lefthand": {
			"translation": [0, 3.75, 0],
			"scale": [0.34, 0.34, 0.34]
		},
		"ground": {
			"translation": [0, 5.25, 0],
			"scale": [0.6, 0.6, 0.6]
		},
		"gui": {
			"rotation": [30, -21, 0],
			"translation": [0.25, 1, 0],
			"scale": [0.5, 0.5, 0.5]
		},
		"head": {
			"translation": [0, 13.25, 0],
			"scale": [0.9, 0.9, 0.9]
		},
		"fixed": {
			"rotation": [-90, 0, 0],
			"translation": [0, 0.25, -8.5]
		}
	}
}