{
	"credit": "Made with Blockbench",
	"textures": {
		"0": "misc/tributeskin",
		"1": "misc/tributehb",
		"2": "misc/tributebump",
		"3": "misc/tributeyes",
		"4": "misc/tributeface",
		"6": "misc/tributeskin2",
		"7": "misc/tributear",
		"8": "misc/tributebump2",
		"particle": "misc/tributeskin"
	},
	"elements": [
		{
			"name": "head",
			"from": [4, 19, 4],
			"to": [12, 27, 12.0625],
			"rotation": {"angle": 0, "axis": "y", "origin": [8, 3.5, 8]},
			"faces": {
				"north": {"uv": [0, 0, 16, 16], "texture": "#4"},
				"east": {"uv": [0, 0, 16, 16], "texture": "#0"},
				"south": {"uv": [0, 0, 16, 16], "texture": "#6"},
				"west": {"uv": [16, 0, 0, 16], "texture": "#0"},
				"up": {"uv": [0, 0, 16, 16], "texture": "#6"},
				"down": {"uv": [0, 0, 16, 16], "texture": "#6"}
			}
		},
		{
			"from": [9.125, 21.6875, 3.75],
			"to": [10.875, 24.6875, 4.9375],
			"rotation": {"angle": 0, "axis": "y", "origin": [17.9375, 31.125, 11.9375]},
			"faces": {
				"north": {"uv": [0, 0, 16, 16], "texture": "#3"},
				"east": {"uv": [0, 0, 1.1875, 2.875], "texture": "#3"},
				"south": {"uv": [0, 0, 1.625, 2.875], "texture": "#3"},
				"west": {"uv": [0, 0, 1.1875, 2.875], "texture": "#3"},
				"up": {"uv": [0, 0, 1.625, 1.1875], "texture": "#3"},
				"down": {"uv": [0, 0, 1.625, 1.1875], "texture": "#3"}
			}
		},
		{
			"from": [5.125, 21.6875, 3.75],
			"to": [6.875, 24.75, 4.9375],
			"rotation": {"angle": 0, "axis": "y", "origin": [13.9375, 31.125, 11.9375]},
			"faces": {
				"north": {"uv": [0, 0, 16, 16], "texture": "#3"},
				"east": {"uv": [0, 0, 1.1875, 2.875], "texture": "#3"},
				"south": {"uv": [0, 0, 1.625, 2.875], "texture": "#3"},
				"west": {"uv": [0, 0, 1.1875, 2.875], "texture": "#3"},
				"up": {"uv": [0, 0, 1.625, 1.1875], "texture": "#3"},
				"down": {"uv": [0, 0, 1.625, 1.1875], "texture": "#3"}
			}
		},
		{
			"from": [3.75, 24.625, 4],
			"to": [4.05, 27, 12.0625],
			"rotation": {"angle": 0, "axis": "y", "origin": [7.4375, 33, 11.3125]},
			"faces": {
				"north": {"uv": [0, 0, 0.3, 2.375], "texture": "#1"},
				"east": {"uv": [0, 0, 8.0625, 2.375], "texture": "#1"},
				"south": {"uv": [0, 0, 0.3, 2.375], "texture": "#1"},
				"west": {"uv": [0, 0, 16, 16], "texture": "#1"},
				"up": {"uv": [0, 0, 16, 16], "texture": "#1"},
				"down": {"uv": [0, 0, 0.3, 8.0625], "texture": "#1"}
			}
		},
		{
			"from": [12, 24.625, 4],
			"to": [12.3, 27, 12.0625],
			"rotation": {"angle": 0, "axis": "y", "origin": [15.6875, 33, 11.3125]},
			"faces": {
				"north": {"uv": [0, 0, 0.3, 2.375], "texture": "#1"},
				"east": {"uv": [0, 0, 16, 16], "texture": "#1"},
				"south": {"uv": [0, 0, 0.3, 2.375], "texture": "#1"},
				"west": {"uv": [0, 0, 8.0625, 2.375], "texture": "#1"},
				"up": {"uv": [0, 0, 0.3, 8.0625], "texture": "#1"},
				"down": {"uv": [0, 0, 0.3, 8.0625], "texture": "#1"}
			}
		},
		{
			"from": [4, 24.625, 3.6875],
			"to": [12, 27, 4],
			"rotation": {"angle": 0, "axis": "y", "origin": [15.5, 33, 11]},
			"faces": {
				"north": {"uv": [0, 0, 16, 15.375], "texture": "#1"},
				"east": {"uv": [0, 0, 0.3125, 2.375], "texture": "#1"},
				"south": {"uv": [0, 0, 8, 2.375], "texture": "#1"},
				"west": {"uv": [0, 0, 0.3125, 2.375], "texture": "#1"},
				"up": {"uv": [0, 0, 8, 0.3125], "texture": "#1"},
				"down": {"uv": [0, 0, 8, 0.3125], "texture": "#1"}
			}
		},
		{
			"from": [6.5, 23.875, 3.6875],
			"to": [9.5, 24.625, 4],
			"rotation": {"angle": 0, "axis": "y", "origin": [12.75, 30.625, 11]},
			"faces": {
				"north": {"uv": [0, 0, 3, 0.75], "texture": "#1"},
				"east": {"uv": [0, 0, 0.3125, 0.75], "texture": "#1"},
				"south": {"uv": [0, 0, 3, 0.75], "texture": "#1"},
				"west": {"uv": [0, 0, 0.3125, 0.75], "texture": "#1"},
				"up": {"uv": [0, 0, 3, 0.3125], "texture": "#1"},
				"down": {"uv": [0, 0, 3, 0.3125], "texture": "#1"}
			}
		},
		{
			"from": [4, 24.625, 12.0625],
			"to": [12, 27, 12.375],
			"rotation": {"angle": 0, "axis": "y", "origin": [15.5, 33, 19.375]},
			"faces": {
				"north": {"uv": [0, 0, 8, 2.375], "texture": "#1"},
				"east": {"uv": [0, 0, 0.3125, 2.375], "texture": "#1"},
				"south": {"uv": [0, 0, 16, 16], "texture": "#1"},
				"west": {"uv": [0, 0, 0.3125, 2.375], "texture": "#1"},
				"up": {"uv": [0, 0, 8, 0.3125], "texture": "#1"},
				"down": {"uv": [0, 0, 8, 0.3125], "texture": "#1"}
			}
		},
		{
			"from": [6.625, 27, 4],
			"to": [9.375, 27.25, 12.0625],
			"rotation": {"angle": 0, "axis": "y", "origin": [16.75, 35, 13.0625]},
			"faces": {
				"north": {"uv": [0, 0, 2.75, 0.25], "texture": "#1"},
				"east": {"uv": [0, 0, 8.0625, 0.25], "texture": "#1"},
				"south": {"uv": [0, 0, 2.75, 0.25], "texture": "#1"},
				"west": {"uv": [0, 0, 8.0625, 0.25], "texture": "#1"},
				"up": {"uv": [0, 0, 16, 16], "texture": "#1"},
				"down": {"uv": [0, 0, 2.75, 8.0625], "texture": "#1"}
			}
		},
		{
			"from": [7.25, 24, 11.9375],
			"to": [8.75, 27.75, 12.6875],
			"rotation": {"angle": 0, "axis": "y", "origin": [12.25, 33, 19.6875]},
			"faces": {
				"north": {"uv": [0, 0, 1.5, 3.75], "texture": "#2"},
				"east": {"uv": [0, 0, 15.75, 15.75], "texture": "#2"},
				"south": {"uv": [0, 0, 15.5, 15.75], "texture": "#2"},
				"west": {"uv": [0, 0, 15.75, 15.75], "texture": "#2"},
				"up": {"uv": [0, 0, 16, 3], "texture": "#2"},
				"down": {"uv": [3, 0, 4.5, 0.75], "texture": "#2"}
			}
		},
		{
			"from": [7.25, 24, 3.25],
			"to": [8.75, 27.75, 4],
			"rotation": {"angle": 0, "axis": "y", "origin": [12.25, 33, 11]},
			"faces": {
				"north": {"uv": [0, 0, 16, 16], "texture": "#2"},
				"east": {"uv": [0, 0, 15.75, 15.75], "texture": "#2"},
				"south": {"uv": [0, 0, 1.5, 3.75], "texture": "#2"},
				"west": {"uv": [0, 0, 15.75, 15.75], "texture": "#2"},
				"up": {"uv": [0, 0, 16, 4], "texture": "#8"},
				"down": {"uv": [2, 0, 3.5, 0.75], "texture": "#2"}
			}
		},
		{
			"from": [7.25, 27, 4],
			"to": [8.75, 27.75, 11.9375],
			"rotation": {"angle": 0, "axis": "y", "origin": [12.25, 36, 13]},
			"faces": {
				"north": {"uv": [0, 0, 1.5, 0.75], "texture": "#2"},
				"east": {"uv": [0, 2, 15.938, 4.75], "texture": "#2"},
				"south": {"uv": [0, 0, 1.5, 0.75], "texture": "#2"},
				"west": {"uv": [0, 2, 16, 4], "texture": "#2"},
				"up": {"uv": [0, 0, 16, 16], "texture": "#2"},
				"down": {"uv": [0, 0, 1.5, 7.9375], "texture": "#2"}
			}
		},
		{
			"from": [12, 21.1875, 6.4375],
			"to": [13.0625, 24.625, 10.0625],
			"rotation": {"angle": 0, "axis": "y", "origin": [20.3125, 31.125, 16.0625]},
			"faces": {
				"north": {"uv": [0, 0, 16, 16], "texture": "#7"},
				"east": {"uv": [0, 0, 16, 16], "texture": "#7"},
				"south": {"uv": [0, 0, 16, 16], "texture": "#7"},
				"west": {"uv": [0, 0, 3.625, 3.4375], "texture": "#7"},
				"up": {"uv": [0, 0, 1.0625, 3.625], "texture": "#7"},
				"down": {"uv": [0, 0, 1.0625, 3.625], "texture": "#7"}
			}
		},
		{
			"from": [13, 21.6875, 7.0625],
			"to": [13.375, 24.0625, 9.4375],
			"rotation": {"angle": 0, "axis": "y", "origin": [21.3125, 31.3125, 15.4375]},
			"faces": {
				"north": {"uv": [0, 0, 0.375, 2.375], "texture": "#7"},
				"east": {"uv": [0, 0, 16, 16], "texture": "#7"},
				"south": {"uv": [0, 0, 0.375, 2.375], "texture": "#7"},
				"west": {"uv": [0, 0, 2.375, 2.375], "texture": "#7"},
				"up": {"uv": [0, 0, 0.375, 2.375], "texture": "#7"},
				"down": {"uv": [0, 0, 0.375, 2.375], "texture": "#7"}
			}
		},
		{
			"from": [2.9375, 21.1875, 6.4375],
			"to": [4, 24.625, 10.0625],
			"rotation": {"angle": 0, "axis": "y", "origin": [11.25, 31.125, 16.0625]},
			"faces": {
				"north": {"uv": [0, 0, 16, 16], "texture": "#7"},
				"east": {"uv": [0, 0, 3.625, 3.4375], "texture": "#7"},
				"south": {"uv": [0, 0, 16, 16], "texture": "#7"},
				"west": {"uv": [0, 0, 16, 16], "texture": "#7"},
				"up": {"uv": [0, 0, 16, 16], "texture": "#7"},
				"down": {"uv": [0, 0, 16, 16], "texture": "#7"}
			}
		},
		{
			"from": [2.5625, 21.6875, 7.0625],
			"to": [2.9375, 24.0625, 9.4375],
			"rotation": {"angle": 0, "axis": "y", "origin": [10.875, 31.3125, 15.4375]},
			"faces": {
				"north": {"uv": [0, 0, 0.375, 2.375], "texture": "#7"},
				"east": {"uv": [0, 0, 2.375, 2.375], "texture": "#7"},
				"south": {"uv": [0, 0, 0.375, 2.375], "texture": "#7"},
				"west": {"uv": [0, 0, 16, 16], "texture": "#7"},
				"up": {"uv": [0, 0, 0.375, 2.375], "texture": "#7"},
				"down": {"uv": [0, 0, 0.375, 2.375], "texture": "#7"}
			}
		}
	],
	"display": {
		"thirdperson_righthand": {
			"translation": [0, -12.5, 0],
			"scale": [0, 0, 0]
		},
		"thirdperson_lefthand": {
			"translation": [0, -12.5, 0],
			"scale": [0, 0, 0]
		},
		"firstperson_righthand": {
			"rotation": [0, -180, 0],
			"translation": [0.5, -4.25, 1],
			"scale": [0.52, 0.52, 0.33]
		},
		"firstperson_lefthand": {
			"rotation": [0, -180, 0],
			"translation": [0.5, -4.25, 1],
			"scale": [0.52, 0.52, 0.33]
		},
		"ground": {
			"translation": [0, -6.5, 0]
		},
		"gui": {
			"rotation": [0, -180, 0],
			"translation": [0, -15.5, 0]
		},
		"head": {
			"translation": [0, -20.75, 0],
			"scale": [1.6, 1.6, 1.6]
		},
		"fixed": {
			"rotation": [-90, 0, 0],
			"translation": [0, 2.5, 28.25],
			"scale": [2.48633, 2.48633, 2.48633]
		}
	},
	"groups": [
		{
			"name": "head",
			"origin": [8, 8, 8],
			"children": [0,
				{
					"name": "eyes",
					"origin": [8, 3.5, 8],
					"children": [1, 2]
				},
				{
					"name": "headband",
					"origin": [15.5, 33, 19.375],
					"children": [3, 4, 5, 6, 7, 8]
				},
				{
					"name": "headbump",
					"origin": [12.25, 36, 13],
					"children": [9, 10, 11]
				},
				{
					"name": "earthing",
					"origin": [8, 8, 8],
					"children": [12, 13, 14, 15]
				}
			]
		}
	]
}