{
	"credit": "Made with Blockbench",
	"texture_size": [32, 32],
	"textures": {
		"0": "toppat/that",
		"1": "toppat/this",
		"2": "toppat/pasted",
		"3": "toppat/pasted2",
		"particle": "toppat/that"
	},
	"elements": [
		{
			"from": [-5, 5, -2.5],
			"to": [21, 6, 17],
			"rotation": {"angle": 0, "axis": "y", "origin": [8, 13, 8]},
			"faces": {
				"north": {"uv": [0, 0, 13, 0.5], "texture": "#2"},
				"east": {"uv": [0, 0, 9.75, 0.5], "texture": "#2"},
				"south": {"uv": [0, 0, 13, 0.5], "texture": "#3"},
				"west": {"uv": [0, 0, 9.75, 0.5], "texture": "#3"},
				"up": {"uv": [0, 0, 13, 9.75], "texture": "#3"},
				"down": {"uv": [0, 0, 13, 9.75], "texture": "#0"}
			}
		},
		{
			"from": [1, 5.875, 1],
			"to": [15, 21.875, 14],
			"rotation": {"angle": 0, "axis": "y", "origin": [19, 14.875, 20]},
			"faces": {
				"north": {"uv": [0, 0, 7, 8], "texture": "#2"},
				"east": {"uv": [0, 0, 6.5, 8], "texture": "#2"},
				"south": {"uv": [0, 0, 7, 8], "texture": "#3"},
				"west": {"uv": [0, 0, 6.5, 8], "texture": "#3"},
				"up": {"uv": [0, 0, 7, 6.5], "texture": "#3"},
				"down": {"uv": [0, 0, 7, 6.5], "texture": "#0"}
			}
		},
		{
			"from": [-4, 0, -1.5],
			"to": [20, 1, 16],
			"faces": {
				"north": {"uv": [0, 0, 12, 0.5], "texture": "#0"},
				"east": {"uv": [0, 0, 8.75, 0.5], "texture": "#0"},
				"south": {"uv": [0, 0, 12, 0.5], "texture": "#0"},
				"west": {"uv": [0, 0, 8.75, 0.5], "texture": "#0"},
				"up": {"uv": [0, 0, 16, 16], "texture": "#1"},
				"down": {"uv": [0, 0, 12, 8.75], "texture": "#0"}
			}
		},
		{
			"from": [2, 0.875, 2],
			"to": [14, 16.875, 13],
			"rotation": {"angle": 0, "axis": "y", "origin": [19, 9.875, 20]},
			"faces": {
				"north": {"uv": [0, 0, 16, 16], "texture": "#0"},
				"east": {"uv": [0, 0, 16, 16], "texture": "#0"},
				"south": {"uv": [0, 0, 16, 16], "texture": "#0"},
				"west": {"uv": [0, 0, 16, 16], "texture": "#0"},
				"up": {"uv": [0, 0, 16, 16], "texture": "#0"},
				"down": {"uv": [0, 0, 16, 16], "texture": "#0"}
			}
		}
	],
	"display": {
		"thirdperson_righthand": {
			"translation": [0, 0, -1.75],
			"scale": [0.34, 0.34, 0.34]
		},
		"thirdperson_lefthand": {
			"translation": [0, 0, -1.75],
			"scale": [0.34, 0.34, 0.34]
		},
		"firstperson_righthand": {
			"translation": [0, 3.75, 0],
			"scale": [0.34, 0.34, 0.34]
		},
		"firstperson_lefthand": {
			"translation": [0, 3.75, 0],
			"scale": [0.34, 0.34, 0.34]
		},
		"ground": {
			"translation": [0, 5.25, 0],
			"scale": [0.6, 0.6, 0.6]
		},
		"gui": {
			"translation": [0.5, -0.25, 0],
			"scale": [0.5, 0.5, 0.5]
		},
		"head": {
			"translation": [0, 13.25, 0],
			"scale": [0.9, 0.9, 0.9]
		},
		"fixed": {
			"rotation": [-90, 0, 0],
			"translation": [0, 0.25, -8.5]
		}
	},
	"groups": [
		{
			"name": "group",
			"origin": [19, 9.875, 20],
			"children": [0, 1]
		},
		{
			"name": "group",
			"origin": [8, 8, 8],
			"children": [2, 3]
		}
	]
}