{
	"sound.tpsounds.tpnoise":{
		"sounds": [
			"tpsounds/tpnoise"
		]
    },
	"sound.nrgsounds.nrgmusic":{
		"sounds": [
			"nrgsounds/nrgmusic"
		]
    },
	"sound.nrgsounds.sheerheartattack":{
		"sounds": [
			"nrgsounds/sheerheartattack"
		]
	},
	"sound.agsounds.boop":{
		"sounds": [
			"agsounds/boop"
		]
	},
	"sound.alliances.hed":{
		"sounds": [
			"alliances/hed"
		]
	},
	"sound.alliances.top":{
		"sounds": [
			"alliances/top"
		]
	},
	"sound.alliances.vhero":{
		"sounds": [
			"alliances/vhero"
		]
	},
	"sound.alliances.tickets":{
		"sounds": [
			"alliances/tickets"
		]
	},
	"sound.alliances.blast":{
		"sounds": [
			"alliances/blast"
		]
	},
	"sound.alliances.guns":{
		"sounds": [
			"alliances/guns"
		]
	},
	"sound.spirit.summon":{
		"sounds": [
			"spirit/summon"
		]
	},
	"sound.spirit.feiru":{
		"sounds": [
			"spirit/feiru"
		]
	},
	"sound.spirit.tpunch":{
		"sounds": [
			"spirit/tpunch"
		]
	},
	"sound.spirit.timeline":{
		"sounds": [
			"spirit/timeline"
		]
	},
	"sound.spirit.timeline2":{
		"sounds": [
			"spirit/timeline2"
		]
	},
	"sound.spirit.unsummon":{
		"sounds": [
			"spirit/unsummon"
		]
	},
	"sound.spirit.tributespeak":{
		"sounds": [
			"spirit/tributespeak"
		]
	},
	"sound.spirit.timestop":{
		"sounds": [
			"spirit/timestop"
		]
	},
	
	"sound.spirit.sandsoftime":{
		"sounds": [
			"spirit/sandsoftime"
		]
	},
		"sound.spirit.timeslow":{
		"sounds": [
			"spirit/timeslow"
		]
	},
	"sound.spirit.timenormal":{
		"sounds": [
			"spirit/timenormal"
		]
	},
	"sound.spirit.rhmlaser":{
		"sounds": [
			"spirit/rhmlaser"
		]
	},
	"sound.spirit.rhmbeam":{
		"sounds": [
			"spirit/rhmbeam"
		]
	}
}
